updated 10/16/14,,,,
CID,CRPName,Party,DistIDRunFor,FECCandID
N00034296,"Aalders, Tim",3,UT04,H4UT04052
N00036765,"Ables, Wayne",D,LAS1,S4LA00156
N00036389,Abraham,3,UT03,H4UT03187
N00036633,"Abraham, Ralph",R,LA05,H4LA05221
N00027398,"Acosta, Raul",I,COS2,S4CO00296
N00029081,"Adame, Marhshall",D,NC03,H8NC03043
N00035451,"Adams, Alma",D,NC12,H4NC12100
N00032432,"Adams, John",R,OH03,H0OH15099
N00035389,"Adams, Steve",R,CA41,H4CA41120
N00036376,"Adams, Thomas A",D,SC05,H4SC05058
N00031338,"Adcock, Dee",R,PA13,H0PA13080
N00003028,"Aderholt, Robert B",R,AL04,H6AL04098
N00033997,"Aguilar, Pete",D,CA31,H2CA31125
N00035909,"Aiken, Clay",D,NC02,H4NC02127
N00036001,"Aikens, William",L,TX28,H4TX28079
N00033916,"Alameel, David",D,TXS1,S4TX00516
N00035564,"Alas, Art",R,CA32,H4CA32103
N00036483,"Alberson, Floyd Wayne",I,TN09,H4TN09071
N00009888,"Alexander, Lamar",R,TNS2,S2TN00058
N00035983,"Alexander, Lewis",L,TX15,H4TX15126
N00033720,"Allen, Richard W",R,GA12,H2GA12121
N00036679,"Allison, Joy Jennifer",I,HIS1,S4HI00151
N00031084,"Amador, Tony",R,CA09,H0CA11337
N00031938,"Amash, Justin",R,MI03,H0MI03126
N00031177,"Amodei, Mark",R,NV02,H2NV02395
N00033885,"Anderson, Dennis",D,IL14,H2IL14078
N00036108,"Anderson, Peter O",D,CA39,H4CA39041
N00035343,"Anderson, Quentin",D,LA06,H4LA06070
N00036730,"Andrews, Matthew",3,VT01,H4VT00116
N00036777,"Angel, Dark",I,NJ10,H4NJ10119
N00036746,"Ansley, Justin",D,LA04,H4LA04026
N00035414,"Appel, Staci",D,IA03,H4IA03065
N00034703,"Armstrong, Brandon",I,SCS1,S4SC00232
N00005697,"Ashby, Ken",L,TX05,H8TX05052
N00005293,"Ashford, Brad",D,NE02,H4NE02054
N00026113,"Assini, Mark",R,NY25,H4NY29098
N00031491,"Atanus, Susanne",R,IL09,H0IL09080
N00035012,"Atwood, Frank",L,CO01,H2CO01140
N00035058,"August, Bernie",3,DE01,H2DE00155
N00035733,"Aulenti, James",I,MA05,H4MA05159
N00034173,"Ayers, Avery",I,TXS1,S4TX00441
N00030980,"Ayotte, Kelly",R,NHS1,S0NH00235
N00035027,"Baber, Bob Henry",L,WVS2,S2WV00070
N00005736,"Babin, Brian",R,TX36,H6TX02079
N00027493,"Bachmann, Michele",R,MN06,H6MN06074
N00008091,"Bachus, Spencer",R,AL06,H2AL06035
N00035528,"Bailey, Bill",D,IN09,H4IN09072
N00036336,"Bakari, Kamau Akil",3,NV01,H4NV01187
N00036368,"Balchunis, Mary Ellen",D,PA07,H4PA07092
N00035040,"Baldwin, Raymond",3,OR05,H2OR05175
N00004367,"Baldwin, Tammy",D,WIS1,S2WI00219
N00036208,"Ball, Gordon",D,TNS2,S4TN00351
N00035112,"Ballard, Scott J",L,TX31,H2TX11095
N00035896,"Banach, Dave",R,MD02,H4MD02174
N00036602,"Baratelli, Joe",L,NJS2,S4NJ00318
N00033981,"Barber, Ron",D,AZ02,H2AZ08094
N00025804,"Bardel, Hank",3,NY11,H2NY13062
N00035310,"Barfield, Jonathan",D,NC07,H4NC07068
N00025495,"Barletta, Lou",R,PA11,H2PA11098
N00034885,"Barnhart, Scott J",I,KSS1,S4KS00119
N00031233,"Barr, Andy",R,KY06,H0KY06104
N00036815,"Barr, Christina",R,MI14,H4MI13226
N00006236,"Barrasso, John A",R,WYS1,S6WY00068
N00035037,"Barrilleaux, Bryan",R,LA03,H2LA03063
N00036384,"Barron, Bill",3,UT02,H4UT02239
N00026080,"Barrow, John",D,GA12,H4GA12010
N00005656,"Barton, Joe",R,TX06,H4TX06117
N00036660,"Basler, Doug",R,WA09,H4WA09061
N00036469,"Bass, Herbert",I,TN09,H4TN09089
N00031877,"Bass, Karen",D,CA37,H0CA33117
N00036598,"Batson, Randall",L,KSS1,S4KS00143
N00036706,"Bauer, Lee",3,MN05,H4MN05089
N00036609,"Beard, Mark T",I,OKS1,S4OK00372
N00033904,"Beatty, Joyce",D,OH03,H2OH03125
N00009774,"Becerra, Xavier",D,CA34,H2CA30143
N00036584,"Beck, Gwendolyn",I,VA08,H4VA08331
N00029901,"Begich, Mark",D,AKS1,S8AK00090
N00035623,"Belgard, Aimee",D,NJ03,H4NJ03106
N00000871,"Bell, Jeff",R,NJS2,S8NJ00012
N00014711,"Bell, Philip H",R,LA06,H6LA07081
N00034793,"Bellone, Alan",3,NY08,H2NY08120
N00035660,"Bellows, Shenna",D,MES2,S4ME00071
N00031934,"Benishek, Dan",R,MI01,H0MI01088
N00030608,"Bennet, Michael F",D,COS1,S0CO00211
N00033625,"Bentivolio, Kerry",R,MI11,H2MI11133
N00030717,"Bera, Ami",D,CA07,H0CA03078
N00032405,"Bergmann, Charlotte",R,TN09,H0TN09061
N00036780,"Berman, Mike",I,NJ01,H4NJ01159
N00031994,"Best, Russell",3,NV04,H0NV02167
N00035997,"Betz, John",L,TX25,H4TX25174
N00036018,"Beyer, Don",D,VA08,H4VA08224
N00027462,"Bilirakis, Gus",R,FL12,H6FL09070
N00036449,"Bishop, Mike",R,MI08,H4MI08135
N00025292,"Bishop, Rob",R,UT01,H2UT01094
N00002674,"Bishop, Sanford",D,GA02,H2GA02031
N00025413,"Bishop, Timothy H",D,NY01,H2NY01067
N00031539,"Black, Diane",R,TN06,H0TN06257
N00030082,"Black, Phil",D,SC02,H8SC02098
N00003105,"Blackburn, Marsha",R,TN07,H2TN06030
N00035971,"Blair, Paul",3,TX03,H4TX03098
N00036836,"Blais, Dianne L",3,VA10,H4VA10154
N00036834,"Blais, Gerard",3,VA08,H4VA08349
N00031690,"Blakeman, Bruce",R,NY04,H4NY04091
N00034999,"Blue, Antonio",D,NC08,H2NC08219
N00033744,"Blum, Rod",R,IA01,H2IA01055
N00007727,"Blumenauer, Earl",D,OR03,H6OR03064
N00031685,"Blumenthal, Richard",D,CTS2,S0CT00177
N00005195,"Blunt, Roy",R,MOS1,S0MO00183
N00032925,"Boal, Ellis",3,MI01,H0MI01187
N00035727,"Bock, Joe",D,IN02,H4IN02135
N00003675,"Boehner, John",R,OH08,H0OH08029
N00036578,"Boggs, Tom",I,OK05,H4OK05173
N00031805,"Boler, Mark",L,TX26,H0TX26105
N00033474,"Bonamici, Suzanne",D,OR01,H2OR01133
N00033342,"Bongino, Dan",R,MD06,H4MD06191
N00035577,"Bonner, Jay Alan",R,FL20,H4FL20064
N00035267,"Booker, Cory",D,NJS2,S4NJ00185
N00013873,"Boozman, John",R,ARS2,S0AR00150
N00024866,"Bordallo, Madeleine Z",D,GU00,H2GU00033
N00036430,"Bossi, Jill",3,SCS1,S4SC00356
N00035420,"Bost, Mike",R,IL12,H4IL12060
N00026595,"Boustany, Charles W Jr",R,LA03,H4LA07029
N00035465,"Bowden, Craig",I,UT01,H4UT01108
N00034622,"Bowman, Joe",L,IN04,H2IN04143
N00036148,"Bowman, Terry",R,MI12,H4MI12061
N00006692,"Boxer, Barbara",D,CAS1,S2CA00286
N00035307,"Boyle, Brendan",D,PA13,H4PA13199
N00036816,"Boyle, Stephen",3,MI14,H4MI14190
N00034812,"Bradley, Wes",D,TN08,H2TN08119
N00005883,"Brady, Kevin",R,TX08,H6TX08100
N00001619,"Brady, Robert A",D,PA01,H8PA01153
N00036563,"Brady, Ross",3,NY10,H4NY10106
N00027464,"Braley, Bruce",D,IAS2,S4IA00087
N00036227,"Brand, Grant",L,AR03,H4AR03057
N00035871,"Brannigan, Sharon",R,IL03,H4IL03093
N00036302,"Brannon, Josh",D,NC05,H4NC05245
N00036013,"Brat, Dave",R,VA07,H4VA07143
N00036223,"Bray, Mark",I,AL05,H4AL05082
N00033532,"Bridenstine, James",R,OK01,H2OK01143
N00035322,"Brikho, George",R,MI09,H4MI09075
N00035959,"Brion, Scott Floyd",D,PA10,H4PA10054
N00024983,"Briscoe, Frank",D,TX22,H4TX22171
N00033911,"Bromell-Tinubu, Gloria",D,SC07,H2SC07108
N00002517,"Bronson, Bill",D,FL17,H2FL00300
N00036784,"Brooks, David",I,LA02,H4LA02103
N00030910,"Brooks, Mo",R,AL05,H0AL05163
N00033495,"Brooks, Susan",R,IN05,H2IN05082
N00028986,"Broun, Paul",R,GAS1,S6GA00101
N00036832,"Brown, Bo C",L,VA04,H4VA04041
N00002713,"Brown, Corrine",D,FL05,H2FL03056
N00035759,"Brown, Don",D,TX14,H4TX14079
N00036634,"Brown, Harris",R,LA05,H4LA05239
N00036447,"Brown, James",R,CT03,H4CT03082
N00005362,"Brown, Raymond",D,LAS1,S8LA00033
N00031174,"Brown, Scott",R,NHS2,S4NH00120
N00003535,"Brown, Sherrod",D,OHS1,S6OH00163
N00034590,"Brown, Steve",L,NV04,H4NV04058
N00034254,"Brownley, Julia",D,CA26,H2CA00120
N00035139,"Brubaker, Richard",L,WY01,H2WY00125
N00031804,"Bruner, Cory",L,TX35,H0TX25107
N00030237,"Bryan, Jim",D,FL01,H8FL01099
N00035749,"Buchal, James",R,OR03,H4OR03101
N00027626,"Buchanan, Vernon",R,FL16,H6FL13148
N00030829,"Buck, Kenneth R",R,CO04,H4CO04090
N00036614,"Buckley, John",L,WVS2,S4WV00266
N00031227,"Bucshon, Larry",R,IN08,H0IN08114
N00036739,"Buhrdorf, Dan",3,NES2,S4NE00165
N00035874,"Bumpers, Robert",R,IL07,H4IL07151
N00035901,"Burgess, Jeremy",I,MI08,H4MI08101
N00025219,"Burgess, Michael",R,TX26,H2TX26093
N00034080,"Burleson, Cindy",I,MS04,H2MS04209
N00002221,"Burr, Richard",R,NCS2,S4NC00089
N00036237,"Bussell, Hugh",R,CA15,H4CA15066
N00033390,"Bustos, Cheri",D,IL17,H2IL17071
N00027035,"Butterfield, G K",D,NC01,H4NC01046
N00034089,"Byrd, Jeff",R,NM03,H2NM03157
N00035380,"Byrne, Bradley",R,AL01,H4AL01123
N00035436,"Byrnes, Pam",D,MI07,H4MI07178
N00034726,"Cadien, Tawana W",D,TX10,H2TX10113
N00035433,"Cain, Emily",D,ME02,H4ME02200
N00035362,"Callis, Ann",D,IL13,H4IL13175
N00007099,"Calvert, Ken",R,CA42,H2CA37023
N00008086,"Camp, Dave",R,MI04,H0MI10071
N00025982,"Campbell, Douglas",3,CO07,H2CO07147
N00027565,"Campbell, John",R,CA45,H6CA48039
N00033999,"Campos, Benjamin",R,CA38,H2CA38237
N00036762,"Cannon, Allen",3,NJ12,H4NJ12164
N00035515,"Cannon, Jerry",D,MI01,H4MI01114
N00007836,"Cantwell, Maria",D,WAS1,S8WA00194
N00009771,"Capito, Shelley Moore",R,WVS2,S4WV00159
N00007232,"Capps, Lois",D,CA24,H8CA22089
N00000267,"Capuano, Michael E",D,MA07,H8MA08071
N00033373,"Cardenas, Tony",D,CA29,H2CA28113
N00001955,"Cardin, Ben",D,MDS1,S6MD03177
N00034135,"Cargas, James",D,TX07,H2TX07036
N00032688,"Carlson, Steve",3,MNS1,S4MN00437
N00030736,"Carney, John",D,DE01,H0DE01017
N00012508,"Carper, Tom",D,DES1,S8DE00079
N00036625,"Carpio, Monica",I,DC00,H4DC00084
N00035827,"Carr, Elan",R,CA33,H4CA33135
N00036757,"Carr, James",L,VA07,H4VA07168
N00032554,"Carr, William R",I,VA09,H0VA09113
N00029513,"Carson, Andre",D,IN07,H8IN07184
N00036022,"Carson, Jeffrey",L,VA08,H4VA08265
N00035346,"Carter, Buddy",R,GA01,H4GA01039
N00036456,"Carter, Jerry",3,IAS2,S4IA00160
N00025095,"Carter, John",R,TX31,H2TX31044
N00034128,"Cartwright, Matt",D,PA17,H2PA17079
N00035216,"Cary, Michael",3,TX28,H4TX28061
N00027503,"Casey, Bob",D,PAS2,S6PA00217
N00035325,"Casey, Nick",D,WV02,H4WV02072
N00030245,"Cassidy, Bill",R,LAS1,S4LA00107
N00036310,"Casteen, J Wesley",L,NC07,H4NC07100
N00027514,"Castor, Kathy",D,FL14,H6FL11126
N00033316,"Castro, Joaquin",D,TX20,H2TX35011
N00034795,"Cavanagh, Daniel J",3,NY09,H2NY09110
N00035842,"Cavanagh, Lori Hopkins",R,CT02,H4CT02068
N00027227,"Cavasso, Cam",R,HIS1,S4HI00102
N00036402,"Celis, Pedro",R,WA01,H4WA01241
N00036735,"Chabot, Brian",L,NH02,H4NH02274
N00036102,"Chabot, Paul",R,CA31,H4CA31071
N00003689,"Chabot, Steve",R,OH01,H8OH01043
N00036537,"Chaffee, Chris",R,MD05,H4MD05169
N00028958,"Chaffetz, Jason",R,UT03,H8UT03089
N00002685,"Chambliss, Saxby",R,GAS1,S2GA00118
N00036722,"Chance, David",L,LA03,H4LA03093
N00035893,"Chapman, John",R,MA09,H4MA09078
N00030475,"Chapman, Margaret",I,NJ01,H8NJ01192
N00034591,"Charles, Richard",L,NV01,H4NV01179
N00036143,"Charlton, Walter",3,MD06,H4MD06217
N00034134,"Chauvin, Hugh",L,TX06,H2TX06160
N00036824,"Chester, David L",L,OR04,H4OR04109
N00035387,"Chew, Robin Leo",R,CA14,H4CA18060
N00029692,"Childers, Travis",D,MSS1,S4MS00138
N00035326,"Cho, Roy",D,NJ05,H4NJ05135
N00000133,"Christian-Christensen, Donna",D,VI00,H4VI00054
N00036176,"Christofferson, Aelea",D,OR02,H4OR02178
N00030600,"Chu, Judy",D,CA27,H0CA32101
N00032019,"Cicilline, David",D,RI01,H0RI01073
N00035888,"Claitor, Dan",R,LA06,H4LA06112
N00035278,"Clark, Katherine",D,MA05,H4MA05084
N00035890,"Clark, Norm",R,LA06,H4LA06138
N00026961,"Clarke, Yvette D",D,NY09,H4NY11138
N00035854,"Clawson, Curt",R,FL19,H4FL19074
N00012460,"Clay, William L Jr",D,MO01,H0MO01066
N00035917,"Cleary, Brenda",D,NC13,H4NC13033
N00026790,"Cleaver, Emanuel",D,MO05,H4MO05234
N00035238,"Clements, Paul Colin",D,MI06,H4MI06105
N00036199,"Clements, Thomas Patrick",R,LAS1,S4LA00149
N00036267,"Clemmons, Chris",L,KS02,H4KS02123
N00035968,"Cleveland, Craig",L,TX02,H4TX02165
N00002408,"Clyburn, James E",D,SC06,H2SC02042
N00036797,"Clyde, Bill",3,CT02,H4CT02084
N00036152,"Coakley, Vince",R,NC12,H4NC12134
N00003845,"Coats, Dan",R,INS2,S0IN00053
N00036320,"Cobb, Gary",R,NJ01,H4NJ01092
N00028845,"Cobb, Joe",L,AZ07,H6AZ07022
N00002247,"Coble, Howard",R,NC06,H4NC06011
N00005601,"Coburn, Tom",R,OKS1,S4OK00174
N00003328,"Cochran, Thad",R,MSS1,S8MS00055
N00032957,"Cody, Ken",I,NJ12,H0NJ12170
N00024753,"Coffman, Mike",R,CO06,H8CO06138
N00003225,"Cohen, Steve",D,TN09,H6TN09068
N00035575,"Cohn, Alan",D,FL15,H4FL15155
N00035136,"Cole, Michael",D,TX36,H2TX36134
N00025726,"Cole, Tom",R,OK04,H2OK04055
N00036158,"Coleman, Bonnie",D,NJ12,H4NJ12149
N00001285,"Collins, Chris",R,NY27,H8NY29032
N00033518,"Collins, Doug",R,GA09,H2GA09150
N00000491,"Collins, Susan M",R,MES2,S6ME00159
N00035978,"Colliver, Ed",L,TX12,H4TX12032
N00036023,"Comstock, Barbara",R,VA10,H4VA10089
N00007084,"Conaway, Bob",D,CA08,H6CA40234
N00026041,"Conaway, Mike",R,TX11,H4TX19136
N00032363,"Condit, Jim",3,OH08,H0OH08128
N00029891,"Connolly, Gerry",D,VA11,H8VA11062
N00004029,"Conyers, John Jr",D,MI13,H6MI01028
N00035123,"Cook, Don",3,TX13,H2TX22126
N00036492,"Cook, Paul",I,TN09,H4TN09097
N00034224,"Cook, Paul",R,CA08,H2CA08164
N00031820,"Coons, Chris",D,DES2,S0DE00092
N00003132,"Cooper, Jim",D,TN05,H2TN05131
N00035056,"Corey, Matthew",R,CT01,H2CT01189
N00027441,"Corker, Bob",R,TNS1,S6TN00216
N00024852,"Cornyn, John",R,TXS1,S2TX00106
N00035994,"Corvalan, Ruben",L,TX23,H4TX23088
N00026341,"Costa, Jim",D,CA16,H4CA20082
N00031064,"Costello, Ryan",R,PA06,H0PA06076
N00033363,"Cotton, Tom",R,ARS1,S4AR00103
N00024842,"Courtney, Joe",D,CT02,H2CT02112
N00035208,"Cox, David",D,FL06,H4FL06022
N00036090,"Coyne, Thomas",L,WVS2,S4WV00217
N00031142,"Cozad, David",D,TX06,H0TX06065
N00025023,"Craig, Kevin",L,MO07,H4MO07107
N00027243,"Craig, Rufus",L,LA06,H4LA06047
N00035755,"Cramer, Daniel Nelson",D,TN07,H4TN07117
N00004614,"Cramer, Kevin",R,ND01,H0ND01026
N00006267,"Crapo, Mike",R,IDS2,S8ID00027
N00035619,"Crawford, Dennis",D,NE01,H4NE01163
N00030770,"Crawford, Rick",R,AR01,H0AR01083
N00012739,"Crenshaw, Ander ",R,FL04,H0FL04066
N00036814,"Crestwell, Gregory",L,MI09,H4MI09083
N00036171,"Crossland, Pete",D,OH16,H4OH16115
N00001127,"Crowley, Joseph",D,NY14,H8NY07046
N00034882,"Crowley, Kawika",R,HI02,H2HI02524
N00033085,"Cruz, Ted",R,TXS2,S2TX00312
N00024978,"Cuellar, Henry",D,TX28,H2TX23082
N00009738,"Culberson, John",R,TX07,H0TX07055
N00036181,"Culler, Anthony",R,SC06,H4SC06080
N00035133,"Cummings, Daniel",3,WY01,H2WY00133
N00001971,"Cummings, Elijah E",D,MD07,H6MD07160
N00036083,"Cunningham, David",L,TX21,H4TX21074
N00036517,"Cunningham, Kathleen Rosewater",I,COS2,S4CO00437
N00028439,"Cunningham, Robb",L,MO01,H6MO01246
N00035403,"Curbelo, Carlos",R,FL26,H4FL26038
N00036755,"Curtis, Amanda",D,MTS2,S4MT00159
N00036549,"Daggett, Doug",R,MN05,H4MN05071
N00033054,"Daines, Steven",R,MTS2,S2MT00096
N00035879,"Dale, John",D,IN04,H4IN04172
N00036839,"Dale, Lawrence",3,WI07,H4WI07111
N00032884,"Danet, Vincent Emile",R,VI00,H0VI00037
N00032934,"Dashairya, Bhagwan",L,MI12,H0MI08109
N00036635,"Dasher, Zach",R,LA05,H4LA05247
N00036719,"Davenport, Samuel",L,LA02,H4LA02087
N00004884,"Davis, Danny K",D,IL07,H4IL07037
N00034784,"Davis, Rodney",R,IL13,H2IL13120
N00009604,"Davis, Susan A",D,CA53,H0CA49055
N00036162,"Day, Chris",R,NY17,H4NY17135
N00036464,"Deakin, Paul",I,TN05,H4TN05103
N00036167,"Dean, Tim",I,NY25,H4NY25047
N00031038,"Debicella, Dan",R,CT04,H0CT04146
N00007781,"DeFazio, Peter",D,OR04,H6OR04047
N00006134,"DeGette, Diana",D,CO01,H6CO01141
N00033897,"Delaney, John K",D,MD06,H2MD06195
N00000615,"DeLauro, Rosa L",D,CT03,H0CT03072
N00030693,"DelBene, Suzan",D,WA01,H0WA08046
N00036605,"Delozier, Aaron",I,OKS2,S4OK00331
N00035392,"Demaio, Carl",R,CA52,H4CA52051
N00031593,"Denham, Jeff",R,CA10,H0CA19173
N00036281,"Denney, John",3,MN06,H4MN06137
N00035881,"Denney, Shawn",D,IN05,H4IN05120
N00031180,"Dennis, John",R,CA12,H0CA08069
N00026171,"Dent, Charlie",R,PA15,H4PA15087
N00036330,"Dentley, Yolanda",R,NJ10,H4NJ10101
N00036285,"Denton, Courtney",D,MO03,H4MO03171
N00034746,"DeSantis, Ron",R,FL06,H2FL00292
N00030709,"Desaulnier, Mark",D,CA11,H0CA10073
N00030957,"Desjarlais, Scott",R,TN04,H0TN04195
N00031317,"Deutch, Ted",D,FL21,H0FL19080
N00030321,"DeWitt, Rebecca",3,AZ07,H8AZ04116
N00036766,"Dezarn, Don",3,NJ12,H4NJ12172
N00036350,"Di Iorio, Nicholas S",R,NY12,H4NY12052
N00035121,"Diaz, Antonio",3,TX21,H2TX20062
N00025337,"Diaz-Balart, Mario",R,FL25,H2FL25018
N00035786,"Dickerson, Joyce",D,SCS1,S4SC00307
N00036550,"Dickey, Ron",D,MS01,H4MS01110
N00031295,"Didier, Clint",R,WA04,H4WA04088
N00035374,"Dietzel, Paul",R,LA06,H4LA06088
N00036860,"Dilger, Michael J",3,NY10,H4NY10114
N00035877,"Dill, Josh",3,IL13,H4IL13233
N00036149,"Dingell, Debbie",D,MI12,H4MI12079
N00001783,"Dingell, John D",D,MI12,H6MI16034
N00036027,"Dingethal, Bob",D,WA03,H4WA03114
N00035863,"Dious, Ken",D,GA10,H4GA10089
N00029460,"Djou, Charles",R,HI01,H0HI01157
N00036477,"Doggart, Robert",I,TN04,H4TN04213
N00006023,"Doggett, Lloyd",D,TX35,H4TX10028
N00035841,"Doherty, Grant",I,CO04,H4CO04082
N00031103,"Dold, Bob",R,IL10,H0IL10302
N00034876,"Dolgos, Stephen",3,AZ08,H2AZ08151
N00036053,"Domina, Dave",D,NES2,S4NE00140
N00035401,"Domino, Carl",R,FL18,H4FL18068
N00034946,"Donka, Mark",R,VT01,H2VT00110
N00026586,"Donnelly, Joe",D,INS1,S2IN00091
N00036574,"Douthitt, Jon",I,OK02,H4OK02188
N00001373,"Doyle, Mike",D,PA14,H4PA18131
N00033881,"Drummond, William (Cleave) II",3,FL02,H2FL01209
N00035102,"Dryer, Norris",3,TN02,H2TN02112
N00027860,"Duckworth, Tammy",D,IL08,H6IL06141
N00036791,"Dudikoff, Sydeney",I,AZ02,H4AZ02168
N00030967,"Duffy, Sean P",R,WI07,H0WI07051
N00036763,"Dugas, Lee A",D,LA01,H4LA01147
N00033919,"Duhon, Maurice",I,TX18,H2TX18132
N00035294,"Duke, Greg",R,GA02,H4GA02060
N00035550,"Dunbar, Forrest",D,AK01,H4AK00123
N00030752,"Duncan, Jeff",R,SC03,H0SC03077
N00003209,"Duncan, John J Jr",R,TN02,H8TN02069
N00036826,"Duncan, Vince",I,TX18,H4TX18112
N00035242,"Dunec, Mark S",D,NJ11,H4NJ11091
N00036799,"Dunn, Donna",L,IN01,H4IN01152
N00004981,"Durbin, Dick",D,ILS1,S6IL00151
N00036580,"Durbin, Sharon",L,OR02,H4OR02202
N00034105,"Eberly, Eric",L,OH05,H2OH05039
N00035496,"Eck, Alieta",R,NJ12,H4NJ12123
N00035299,"Eckles, Shawn",I,NC09,H4NC09130
N00036014,"Edmond, Micah",R,VA08,H4VA08182
N00036569,"Edstrom, William",3,NY15,H4NY15139
N00036508,"Edwards, Adrienne",D,CA34,H4CA34075
N00028249,"Edwards, Donna",D,MD04,H6MD04183
N00036269,"Edwards, Edwin",D,LA06,H4LA06161
N00035313,"Eggman, Michael",D,CA10,H4CA10075
N00036835,"Eickholt, Brad A",I,VA10,H4VA10147
N00036283,"Elder, Daniel",R,MO01,H4MO01118
N00035243,"Eldridge, Sean",D,NY19,H4NY19115
N00028257,"Ellison, Keith",D,MN05,H6MN05183
N00031513,"Ellmers, Renee",R,NC02,H0NC02059
N00036831,"Else, David A",I,UT03,H4UT03237
N00036434,"Emerson, Tom Jr",3,TNS2,S4TN00427
N00035440,"Emmer, Tom",R,MN06,H4MN06087
N00001003,"Engel, Eliot L",D,NY16,H8NY19058
N00035309,"Enyart, Douglas",3,MO08,H4MO08188
N00034884,"Enyart, William",D,IL12,H2IL12122
N00006249,"Enzi, Mike",R,WYS2,S6WY00126
N00027434,"Ericson, Cris",I,VT01,H8VT00141
N00035483,"Ernst, Joni",R,IAS2,S4IA00129
N00007335,"Eshoo, Anna",D,CA18,H8CA12098
N00036794,"Esquivel, Samuel",I,AZ07,H4AZ07100
N00033217,"Esty, Elizabeth",D,CT05,H2CT05131
N00034408,"Evans, James S",D,MO07,H2MO07093
N00034687,"Everett, Earl E",D,OK02,H2OK02166
N00036838,"Fahrendorf, Gus",L,WI06,H4WI06113
N00007632,"Faleomavaega, Eni F H",D,AS00,H0AS00018
N00036524,"Falstad, David B",I,FL10,H4FL10115
N00031672,"Farenthold, Blake",R,TX27,H0TX27061
N00036055,"Farr, Joan Elizabeth",I,OKS2,S4OK00224
N00007312,"Farr, Sam",D,CA20,H4CA17021
N00001746,"Fattah, Chaka",D,PA02,H2PA02055
N00036650,"Fausz, Elliott",D,VA04,H4VA04033
N00007364,"Feinstein, Dianne",D,CAS2,S0CA00199
N00035731,"Felder, Cassie",R,LA06,H4LA06104
N00004663,"Fellows, Mike",L,MT01,H8MT01141
N00035743,"Fernandez, Jose Luis",R,NY07,H4NY07110
N00035858,"Fernandez, Luis",I,FL24,H4FL24025
N00031141,"Fincher, Steve",R,TN08,H0TN08246
N00033443,"Fischer, Deb",R,NES1,S2NE00094
N00035930,"Fischer, Jim",R,NY20,H4NY20121
N00027229,"Fitzpatrick, Michael G",R,PA08,H4PA08074
N00035522,"Fjeld, Laura",D,NC06,H4NC06086
N00009573,"Flake, Jeff",R,AZS2,S2AZ00141
N00030815,"Fleischmann, Chuck",R,TN03,H0TN03254
N00029679,"Fleming, John",R,LA04,H8LA04225
N00031545,"Flores, Bill",R,TX17,H0TX17104
N00013799,"Forbes, Randy",R,VA04,H2VA04052
N00026631,"Fortenberry, Jeff",R,NE01,H4NE01064
N00029139,"Foster, Bill",D,IL11,H8IL14067
N00033960,"Foster, James",L,OR01,H2OR01224
N00035764,"Foust, John",D,VA10,H4VA10071
N00035973,"Fowler, Gerald",L,TX07,H4TX07073
N00036444,"Fox, Richard",R,CA18,H4CA18094
N00026166,"Foxx, Virginia",R,NC05,H4NC05146
N00002893,"Frankel, Lois J",D,FL22,H2FL14053
N00029016,"Franken, Al",D,MNS1,S8MN00438
N00036761,"Franklin, Gwendolyn",I,NJ10,H4NJ10127
N00036482,"Franklin, Robert D",I,TN01,H4TN01144
N00006423,"Franks, Trent",R,AZ08,H4AZ04024
N00035223,"Freeman, April",D,FL19,H4FL19058
N00000684,"Frelinghuysen, Rodney",R,NJ11,H2NJ05014
N00035741,"Frese, Michael",R,NM01,H4NM01116
N00032953,"Freudenheim, Jack",I,NJ12,H0NJ06198
N00036802,"Frey, Mike",L,IN09,H4IN09130
N00036803,"Fritz, Dennis L",I,MD05,H4MD05177
N00035940,"Fry, Robert",D,OH05,H4OH05043
N00030490,"Fudge, Marcia L",D,OH11,H8OH11141
N00034627,"Fulner, Jim",L,MIS1,S4MI00371
N00036570,"Funiciello, Matt",3,NY21,H4NY21111
N00033281,"Gabbard, Tulsi",D,HI02,H2HI02508
N00036247,"Gagnier, Christina",D,CA35,H4CA35049
N00017426,"Gainer, Glen",D,WV01,H2WV01037
N00033541,"Gallego, Pete",D,TX23,H2TX23124
N00036097,"Gallego, Ruben",D,AZ07,H4AZ07043
N00027160,"Gammill, Powell",L,AZ09,H4AZ02119
N00036583,"Gandino-Saadein, Justin J",I,VA03,H4VA03043
N00030856,"Garamendi, John",D,CA03,H0CA10149
N00029908,"Garcia, Joe",D,FL26,H8FL25015
N00035800,"Garcia, Marilinda",R,NH02,H4NH02241
N00036737,"Garcia, Raul",D,CA23,H4CA23151
N00030780,"Gardner, Cory",R,COS2,S4CO00395
N00036353,"Garrett, Janet",D,OH04,H4OH04046
N00000743,"Garrett, Scott",R,NJ05,H8NJ05052
N00035457,"Garrison, Jennifer",D,OH06,H4OH06074
N00035730,"Gatton, Mark A",3,KY03,H4KY03228
N00036398,"Gaughan, Walter Lawrence",D,VA05,H4VA05048
N00036058,"Gauthier, Edmund Louis",I,TNS2,S4TN00336
N00036372,"Geddings, Harold III",3,SC02,H4SC02063
N00025025,"Gerlach, Jim",R,PA06,H2PA06114
N00036557,"Gerrard, Roger",I,MS03,H4MS03058
N00034977,"Gesty, Scott",L,DE01,H2DE00148
N00026251,"Gianoutsos, Ted",I,AKS1,S4AK00115
N00031128,"Gibbs, Bob",R,OH07,H0OH18077
N00031998,"Gibson, Chris",R,NY19,H0NY20095
N00034967,"Gibson, Mark",I,VA11,H2VA11172
N00036064,"Gillespie, Ed",R,VAS2,S4VA00155
N00027658,"Gillibrand, Kirsten",D,NYS1,S0NY00410
N00024760,"Gingrey, Phil",R,GAS1,S2GA00100
N00034065,"Gluck, George",3,MD06,H2MD08175
N00036806,"Gnadt, Loel",L,MI01,H4MI01148
N00036841,"Godfrey, Sean",I,AKS1,S4AK00289
N00026148,"Gohmert, Louis B Jr",R,TX01,H4TX04039
N00036560,"Goikhman, Dorit",L,NJ06,H4NJ06117
N00036741,"Goldsmith, Gardner",L,NHS2,S4NH00179
N00009154,"Goodlatte, Bob",R,VA06,H2VA06115
N00036273,"Goodrich, Bob",D,MI03,H4MI03227
N00036342,"Goossen, David",I,NV03,H4NV03126
N00035707,"Gorell, Jeff",R,CA26,H4CA26147
N00036612,"Gorman, Jeff",R,MI13,H4MI13200
N00030771,"Gosar, Paul",R,AZ04,H0AZ01259
N00036210,"Gottshall, Curt",I,WYS2,S4WY00105
N00036488,"Gouge, Casey",I,TN02,H4TN02076
N00030880,"Gowdy, Trey",R,SC04,H0SC04257
N00013685,"Graeser, Ron",3,MI02,H0MI02086
N00035688,"Graham, Gwen",D,FL02,H4FL02062
N00009975,"Graham, Lindsey",R,SCS2,S0SC00149
N00008799,"Granger, Kay",R,TX12,H6TX12060
N00035023,"Grant, Clay",L,LA05,H2LA05118
N00001758,"Grassley, Chuck",R,IAS1,S0IA00028
N00036135,"Graves, Garret",R,LA06,H4LA06153
N00013323,"Graves, Sam",R,MO06,H0MO06073
N00030788,"Graves, Tom",R,GA14,H0GA09030
N00028418,"Grayson, Alan",D,FL09,H6FL08213
N00029204,"Grayson, Richard",D,WY01,H4WY00170
N00026686,"Green, Al",D,TX09,H4TX09095
N00005870,"Green, Gene",D,TX29,H2TX29030
N00031203,"Greenberg, Mark",R,CT05,H0CT05150
N00009743,"Greene, Mark",D,TX12,H0TX12147
N00036628,"Griffin, Calvin",I,HI01,H4HI01183
N00031297,"Griffin, Tim",R,AR02,H0AR02107
N00032029,"Griffith, Morgan",R,VA09,H0VA09055
N00025284,"Grijalva, Raul M",D,AZ03,H2AZ07070
N00035486,"Grimes, Alison",D,KYS1,S4KY00091
N00031401,"Grimm, Michael",R,NY11,H0NY13074
N00029400,"Grisham, Michelle Lujan",D,NM01,H8NM01257
N00036409,"Grothman, Glenn S",R,WI06,H4WI06048
N00036664,"Gruett, Ron",D,WI08,H4WI08077
N00036751,"Guerriero, Jeff",R,LA05,H4LA05254
N00036655,"Guillot, BJ",R,WA02,H4WA02157
N00030801,"Guinta, Frank",R,NH01,H0NH01217
N00036850,"Gurney, Barry",I,NCS1,S4NC00279
N00029675,"Guthrie, Brett",R,KY02,H8KY02031
N00004874,"Gutierrez, Luis V",D,IL04,H2IL08039
N00036146,"Haddox, Steven",L,MD08,H4MD08197
N00029617,"Hagan, Kay R",D,NCS1,S8NC00239
N00031390,"Hagedorn, Jim",R,MN01,H0MN01045
N00006806,"Hahn, Janice",D,CA44,H8CA36097
N00035197,"Hall, Heidi",D,CA01,H4CA01066
N00025740,"Hall, Jim",3,MA05,H2MA07084
N00005645,"Hall, Ralph",R,TX04,H0TX04037
N00035395,"Halter, Irving Jr",D,CO05,H4CO05055
N00036228,"Hamilton, Ken",L,AR04,H4AR04071
N00035986,"Hamilton, Shawn Michael",L,TX17,H4TX17106
N00036651,"Hammer, Will",L,VA06,H4VA06020
N00036842,"Hammons, Bill",3,COS2,S4CO00411
N00036642,"Hampton, Terry",I,MO08,H4MO08220
N00025881,"Hanabusa, Colleen",D,HIS1,S4HI00144
N00030197,"Hanna, Richard",R,NY22,H8NY24066
N00025713,"Hansen, Janine",3,NV02,H2NV02205
N00036198,"Hansen, Sharon",L,ILS1,S4IL00479
N00036539,"Hardwick, Alan",R,MI05,H4MI05123
N00036070,"Hardy, Charles E",D,WYS2,S4WY00097
N00035628,"Hardy, Cresent",R,NV04,H4NV04017
N00004207,"Harkin, Tom",D,IAS2,S4IA00020
N00032364,"Harlow, David",L,OH10,H0OH08136
N00036818,"Harmati, Louis",I,NC07,H4NC07118
N00029632,"Harper, Gregg",R,MS03,H8MS03067
N00029147,"Harris, Andy",R,MD01,H8MD01094
N00036613,"Harris, Mark L",D,WI06,H4WI06071
N00036586,"Harrold, Marc",L,VA11,H4VA11103
N00035631,"Hart, Bob",3,OH12,H4OH12064
N00031005,"Hartzler, Vicky",R,MO04,H0MO04086
N00013771,"Hartzok, Alanna K",D,PA09,H2PA09043
N00036811,"Hass, Erwin",L,MI06,H4MI06121
N00002884,"Hastings, Alcee L",D,FL20,H2FL23021
N00009157,"Hastings, Doc",R,WA04,H2WA04041
N00009869,"Hatch, Orrin G",R,UTS1,S6UT00063
N00018217,"Hatchett, Charles",D,KY01,H4KY01016
N00025670,"Haugh, Sean",L,NCS1,S2NC00257
N00036805,"Hawes, Leigh M",I,ME02,H4ME02259
N00035985,"Haynes, Nick",D,TX17,H4TX17098
N00005459,"Hays, Patrick Henry",D,AR02,H4AR02133
N00031124,"Hayworth, Nan",R,NY18,H0NY19139
N00034132,"Headrick, Mary Margaret",D,TN03,H2TN03144
N00031557,"Heck, Dennis",D,WA10,H0WA03161
N00031244,"Heck, Joe",R,NV03,H0NV03058
N00034717,"Hedge, Bill",D,MO06,H2MO06202
N00028451,"Hedrick, Steven",L,MO03,H0MO03179
N00029835,"Heinrich, Martin",D,NMS1,S2NM00088
N00033782,"Heitkamp, Heidi",D,NDS2,S2ND00099
N00034324,"Heitzman, Susan Hall",D,IN06,H2IN06239
N00027522,"Heller, Dean",R,NVS1,S2NV00183
N00024922,"Hensarling, Jeb",R,TX05,H2TX05121
N00031931,"Herr, Brian",R,MAS2,S4MA00234
N00031559,"Herrera Beutler, Jaime",R,WA03,H0WA03187
N00032243,"Hice, Jody B",R,GA10,H0GA07125
N00027060,"Higgins, Brian M",D,NY26,H4NY27076
N00036833,"Hildebrandt, Elaine B",3,VA06,H4VA06038
N00035030,"Hildebrandt, Ken",3,VA05,H2VA05059
N00035792,"Hill, French",R,AR02,H4AR02141
N00032983,"Hill, Sid",3,AKS1,S0AK00162
N00036312,"Hill, Tom",D,NC11,H4NC11086
N00011129,"Hill, Wayne L",3,UT02,H2UT03140
N00029070,"Himes, Jim",D,CT04,H8CT04172
N00006008,"Hinojosa, Ruben",D,TX15,H6TX15055
N00036494,"Hinton, James",I,CA05,H4CA05257
N00035312,"Hinz, Janet",I,WI04,H4WI00017
N00028139,"Hirono, Mazie K",D,HIS2,S2HI00106
N00031688,"Hoeven, John",R,NDS1,S0ND00093
N00034293,"Holcomb, David Christopher",I,NES2,S4NE00108
N00036798,"Holder, Bryan Jack",I,IA03,H4IA03149
N00033399,"Holding, George",R,NC13,H2NC13110
N00036048,"Hollis, Paul",R,LAS1,S4LA00131
N00005437,"Holloway, Clyde C",R,LA05,H0LA08017
N00036538,"Holmes, Jeff",D,MI04,H4MI04134
N00000860,"Holt, Rush",D,NJ12,H6NJ12144
N00012611,"Honda, Mike",D,CA17,H0CA15148
N00025924,"Horning, Andy",L,IN08,H2IN07088
N00033638,"Horsford, Steven",D,NV04,H2NV04011
N00036178,"Houghton, Tom",D,PA16,H4PA16085
N00036486,"Howie, Gordon",I,SDS2,S4SD00106
N00001821,"Hoyer, Steny H",D,MD05,H2MD05155
N00035897,"Hoyt, Nancy",R,MD04,H4MD04121
N00036783,"Hudok, Paul",3,WVS2,S4WV00274
N00033630,"Hudson, Richard",R,NC08,H2NC08185
N00027649,"Huelskamp, Tim",R,KS01,H6KS01146
N00033030,"Huffman, Jared",D,CA02,H2CA06259
N00035920,"Hughes, Bill Jr",D,NJ02,H4NJ02140
N00030673,"Huizenga, Bill",R,MI02,H0MI02094
N00031104,"Hultgren, Randy",R,IL14,H0IL14080
N00029258,"Hunter, Duncan D",R,CA50,H8CA52052
N00031417,"Hurd, Will",R,TX23,H0TX23086
N00031265,"Hurt, Robert",R,VA05,H0VA05095
N00036431,"Hutto, Brad",D,SCS2,S4SC00364
N00005963,"Idrogo, Michael",L,TX20,H8TX28039
N00035756,"Ince, Cecil Anthony",L,TX03,H4TX03072
N00005582,"Inhofe, James M",R,OKS2,S4OK00083
N00036288,"Irvin, Nate",D,MO04,H4MO04120
N00002593,"Isakson, Johnny",R,GAS2,S6GA00119
N00013345,"Israel, Steve",D,NY03,H0NY02085
N00007017,"Issa, Darrell",R,CA49,H0CA48024
N00031603,"Izzo, Rose",R,DE01,H0DE01025
N00005818,"Jackson Lee, Sheila",D,TX18,H4TX18054
N00036559,"Jackson, Eli ""Sarge""",3,MS04,H4MS04155
N00036366,"James, Armond",R,PA02,H4PA02051
N00036435,"James, Joshua",L,TNS2,S4TN00435
N00036786,"Jamias, Mapu S",D,AS00,H4AS00069
N00035573,"Janay, Laura",I,FL09,H4FL09125
N00033640,"Jeffries, Hakeem",D,NY08,H2NY10092
N00035531,"Jenkins, Evan",R,WV03,H4WV03070
N00035804,"Jenkins, Jim",I,NES2,S4NE00124
N00029077,"Jenkins, Lynn",R,KS02,H8KS02090
N00035613,"Jennings, Vincent",I,MO07,H4MO07123
N00035425,"Jensen, Elisabeth",D,KY06,H4KY06130
N00029444,"Johanns, Mike",R,NES2,S8NE00117
N00032088,"Johnson, Bill",R,OH06,H0OH06189
N00036468,"Johnson, Connie",D,OKS1,S4OK00307
N00036576,"Johnson, Dennis B",I,OK04,H4OK04150
N00008122,"Johnson, Eddie Bernice",D,TX30,H2TX00015
N00027848,"Johnson, Hank",D,GA04,H6GA04129
N00036709,"Johnson, Heather",L,MNS1,S4MN00445
N00035128,"Johnson, James L Jr",I,IN01,H4IN01160
N00036081,"Johnson, Johnny",L,TX09,H4TX09129
N00035725,"Johnson, Karen M",I,IL03,H4IL03085
N00032546,"Johnson, Ron",R,WIS2,S0WI00197
N00008028,"Johnson, Sam",R,TX03,H2TX03118
N00036859,"Johnson, Sam",I,MI13,H4MI13218
N00010084,"Johnson, Tim",D,SDS2,S6SD00051
N00034817,"Joiner, Gregory",I,TN09,H2TN09174
N00035717,"Jolly, David",R,FL13,H4FL13101
N00036031,"Jones, Davy",L,WV02,H4WV02130
N00036810,"Jones, Harold H",L,MI05,H4MI05156
N00036457,"Jones, Jeff",I,MIS1,S4MI00405
N00036785,"Jones, Paul",L,VA05,H4VA05055
N00035974,"Jones, Russ",L,TX08,H4TX08097
N00002299,"Jones, Walter B Jr",R,NC03,H2NC01081
N00027894,"Jordan, Jim",R,OH04,H6OH04082
N00035007,"Joyce, David P",R,OH14,H2OH14064
N00033182,"Kabat, Ronald P",3,CA20,H0CA17185
N00035586,"Kaifesh, Lawrence Joseph",R,IL08,H4IL08126
N00033177,"Kaine, Tim",D,VAS1,S2VA00142
N00003522,"Kaptur, Marcy",D,OH09,H2OH09031
N00035934,"Katko, John",R,NY24,H4NY24073
N00033516,"Kaufman, Joe",R,FL23,H2FL20043
N00031933,"Keating, Bill",D,MA09,H0MA10082
N00036659,"Keller, Craig",R,WA07,H4WA07073
N00031647,"Kelly, Mike",R,PA03,H0PA03271
N00035215,"Kelly, Robin",D,IL02,H2IL02172
N00035976,"Kelsey, Bill",L,TX10,H4TX10184
N00034044,"Kennedy, Joe III",D,MA04,H2MA04073
N00036864,"Kent, Gaylon",L,COS2,S4CO00403
N00036629,"Kent, Joe",L,HI02,H4HI02116
N00026427,"Khanna, Ro",D,CA17,H4CA12055
N00033395,"Kildee, Dan",D,MI05,H2MI05119
N00034453,"Kilmer, Derek",D,WA06,H2WA06129
N00035205,"Kimber, James",D,CA50,H2CA50166
N00036341,"Kimmick, Randy",L,NV03,H4NV03118
N00004403,"Kind, Ron",D,WI03,H6WI03099
N00034580,"King, Angus",I,MES1,S2ME00109
N00025630,"King, Karl",I,ORS1,S4OR00164
N00001193,"King, Pete",R,NY02,H2NY03089
N00036509,"King, R Adam",R,CA37,H4CA37078
N00025237,"King, Steven A",R,IA04,H2IA05072
N00002656,"Kingston, Jack",R,GAS1,S4GA11210
N00030667,"Kinzinger, Adam",R,IL16,H0IL11052
N00012539,"Kirk, Mark",R,ILS2,S0IL00261
N00029260,"Kirkpatrick, Ann",D,AZ01,H8AZ01104
N00036357,"Klepinger, Robert",D,OH10,H4OH10167
N00004436,"Kline, John",R,MN02,H8MN06047
N00027500,"Klobuchar, Amy",D,MNS2,S6MN00267
N00035820,"Knight, Steve",R,CA25,H4CA25123
N00036002,"Koch, Max",L,TX30,H4TX30034
N00025996,"Kocher, Victor",L,SCS2,S2SC00079
N00035454,"Kohn, Erin Bilbray",D,NV03,H4NV03084
N00036677,"Kohring, Vic",3,AKS1,S4AK00271
N00036680,"Kokoski, Michael",L,HIS1,S4HI00169
N00036711,"Kolber, Vincent A",R,IL05,H6IL05150
N00035715,"Koller, David",D,FL11,H4FL11071
N00035995,"Kolls, Mike",L,TX24,H4TX24151
N00032568,"Koniz, Gary",3,FL04,H0FL04116
N00033548,"Kopsick, Joe",I,OR03,H4OR03119
N00035922,"Kovach, Janice",D,NJ07,H4NJ07099
N00036624,"Krepp, Tim",I,DC00,H4DC00076
N00036266,"Krom, John",L,IN05,H4IN05153
N00002798,"Krulick, Al",I,FL07,H6FL08130
N00034319,"Kuhnle, Justin",D,IN03,H2IN03152
N00035884,"Kultala, Kelly",D,KS03,H4KS03188
N00033822,"Kundrata, Fred",D,OH01,H2OH02093
N00036408,"Kurtz, Tony",R,WI03,H4WI03144
N00030875,"Kuster, Ann Mclane",D,NH02,H0NH02181
N00031377,"Labrador, Raul",R,ID01,H0ID01253
N00030308,"Ladner, Lenny",L,TN07,H2TN07194
N00036418,"Lafrance, Nathan",L,ARS1,S4AR00129
N00005310,"Laird, Steven C",L,NE02,H8NE02204
N00001191,"Lally, Grant",R,NY03,H4NY03077
N00033987,"LaMalfa, Doug",R,CA01,H2CA02142
N00035942,"Lambert, Dennis G",3,OH06,H4OH06090
N00028133,"Lamborn, Douglas L",R,CO05,H6CO05159
N00000898,"Lance, Leonard",R,NJ07,H6NJ12136
N00035488,"Land, Terri Lynn",R,MIS1,S4MI00363
N00005395,"Landrieu, Mary L",D,LAS1,S6LA00227
N00036823,"Langan, Jeffrey",L,OR03,H4OR03127
N00035977,"Lange, Ryan",L,TX11,H4TX11034
N00009724,"Langevin, Jim",D,RI02,H0RI02139
N00031129,"Lankford, James",R,OKS1,S4OK00232
N00035993,"Lapham, Rob",L,TX22,H4TX22189
N00035626,"Lara, Rocky",D,NM02,H4NM02072
N00009759,"Larsen, Rick",D,WA02,H0WA02080
N00000575,"Larson, John B",D,CT01,H8CT01046
N00004227,"Latham, Tom",R,IA03,H4IA05102
N00012233,"Latta, Robert E",R,OH05,H8OH05036
N00035956,"Lavallee, Dan",D,PA03,H4PA03109
N00035093,"Lavergne, Frederick",3,NJ03,H4NJ03163
N00027607,"Lawhorn, Zane Rene",I,WVS2,S6WV00063
N00034068,"Lawrence, Brenda",D,MI14,H2MI14111
N00035852,"Lawrence, Henry",D,FL16,H4FL16146
N00036857,"Lawrence, John",3,MI06,H4MI06139
N00036348,"Lawrence, Nate",I,NY05,H4NY05098
N00036114,"Lawson, Howard",I,FL03,H4FL03102
N00035334,"Leach, Ron",D,KY02,H4KY02089
N00036243,"Leader, William",R,CA29,H4CA29133
N00009918,"Leahy, Patrick",D,VTS2,S4VT00017
N00035833,"Leavens, Drew",D,CA45,H4CA49107
N00008046,"Lee, Barbara",D,CA13,H8CA09060
N00035847,"Lee, Luther",I,FL02,H4FL02070
N00031696,"Lee, Mike",R,UTS2,S0UT00165
N00035383,"Leflore, Burton",D,AL01,H4AL01156
N00036732,"Leiber, Arthur",D,MO02,H4MO02066
N00035837,"Leing, George",R,CO02,H4CO02094
N00029779,"Leone, Ross",L,TX15,H8TX28203
N00036750,"Lester, Mark",D,AL06,H4AL06148
N00035967,"Letsos, Niko",D,TX02,H4TX02157
N00036768,"Letton, Don",3,NJ01,H4NJ01167
N00036852,"Leuenberger, Jim",3,ORS1,S4OR00255
N00001691,"Levin, Carl",D,MIS1,S8MI00158
N00003950,"Levin, Sander",D,MI09,H2MI17023
N00002577,"Lewis, John",D,GA05,H6GA05217
N00035682,"Lewis, John",D,MT01,H4MT00068
N00003796,"Leyva, Mark J",R,IN01,H8IN01096
N00032290,"Lieber, Arthur Henry",D,MO02,H0MO02213
N00035295,"Lieberman, Richard",D,LA06,H4LA06062
N00035825,"Lieu, Ted",D,CA33,H4CA33119
N00027239,"Lipinski, Daniel",D,IL03,H4IL03077
N00036119,"Livingston, Gregory Seal",I,IL07,H4IL07169
N00036796,"Loban, Jess",L,CO04,H4CO04140
N00000851,"LoBiondo, Frank A",R,NJ02,H2NJ02037
N00027741,"Loebsack, David",D,IA02,H6IA02146
N00035990,"Loewe, Mark",L,TX21,H4TX21082
N00007479,"Lofgren, Zoe",D,CA19,H4CA16049
N00035556,"Logue, Dan",R,CA03,H4CA03096
N00030676,"Long, Billy",R,MO07,H0MO07113
N00036536,"Long, Charles A",R,MD03,H4MD03123
N00035018,"Lord, Randall",L,LA04,H2LA04129
N00035347,"Loudermilk, Barry",R,GA11,H4GA11061
N00033842,"Love, Mia",R,UT04,H2UT04023
N00033274,"Lowenthal, Alan",D,CA47,H2CA00104
N00035891,"Lowenthal, Jason Philip",3,MA07,H4MA07106
N00001024,"Lowey, Nita M",D,NY17,H8NY20056
N00005559,"Lucas, Frank D",R,OK03,H4OK06056
N00030026,"Luetkemeyer, Blaine",R,MO03,H8MO09153
N00033004,"Lugo, Christina",3,ORS1,S4OR00263
N00029562,"Lujan, Ben R",D,NM03,H8NM03196
N00029788,"Lummis, Cynthia Marie",R,WY01,H8WY00148
N00036582,"Lynch, Cormick",R,RI01,H4RI01125
N00013855,"Lynch, Stephen F",D,MA08,H2MA09072
N00036155,"MacArthur, Thomas",R,NJ03,H4NJ03130
N00035588,"Macfarlane, Michael",R,KY03,H4KY03210
N00035635,"Maciel, Jonathan",I,RI01,H4RI01091
N00030558,"Macko, David",L,OH14,H8OH14103
N00035914,"MacQueen, Tate",D,NC10,H4NC10104
N00027891,"Maffei, Dan",D,NY24,H6NY25125
N00020079,"Magee, Doug",D,MS03,H4MS00013
N00036767,"Maggard, Mike",I,KYS1,S4KY00190
N00001157,"Maher, Pat",D,NY02,H8NY04050
N00000078,"Maloney, Carolyn B",D,NY12,H2NY14037
N00034277,"Maloney, Sean Patrick",D,NY18,H2NY22139
N00032838,"Manchin, Joe",D,WVS1,S0WV00090
N00035487,"Maness, Rob",R,LAS1,S4LA00115
N00026710,"Marchant, Kenny",R,TX24,H4TX24094
N00035463,"Marchbanks, Neal",D,TX19,H4TX19276
N00036200,"Marineau, Paul",I,MIS1,S4MI00397
N00031777,"Marino, Tom",R,PA10,H0PA10078
N00000270,"Markey, Ed",D,MAS2,S4MA00028
N00032264,"Marksberry, Ed",I,KYS1,S4KY00067
N00035817,"Marrero-Aguilera, Suzanna",D,CA22,H4CA22104
N00035873,"Mason, Michael",D,IL06,H4IL06104
N00034041,"Massie, Thomas",R,KY04,H2KY04121
N00035053,"Mata'Utia, Tu'au Kereti Jr",D,AS00,H2AS00055
N00036391,"Mates, Ben J",3,UT03,H4UT03203
N00009753,"Matheson, Jim",D,UT04,H0UT02096
N00035132,"Matkin, Richard A",3,MIS1,S2MI00243
N00027459,"Matsui, Doris O",D,CA06,H6CA05195
N00036712,"Maxwell, Chip",I,NE02,H4NE02120
N00036356,"May, Richard",R,OH09,H4OH09102
N00036801,"Mayo, Chris",L,IN07,H4IN07183
N00036637,"Mayock, Frederick",I,MA01,H4MA01059
N00036174,"McAffrey, Al",W,OK05,H4OK05124
N00034442,"McAleer, Donna",D,UT01,H2UT01235
N00035593,"McAllister, Vance",R,LA05,H4LA05130
N00006424,"McCain, John",R,AZS1,S6AZ00019
N00001148,"McCarthy, Carolyn",D,NY04,H6NY04112
N00028152,"McCarthy, Kevin",R,CA23,H6CA22125
N00027694,"McCaskill, Claire",D,MOS2,S6MO00305
N00026460,"McCaul, Michael",R,TX10,H4TX10093
N00034468,"McCausland, Shaun",3,UT02,H4UT02221
N00035304,"McClelland, Erin",D,PA12,H4PA12043
N00036589,"McClendon, Martin",R,WA06,H4WA06075
N00006863,"McClintock, Tom",R,CA04,H8CA04152
N00012942,"McCollum, Betty",D,MN04,H0MN04049
N00003389,"McConnell, Mitch",R,KYS1,S2KY00012
N00034384,"McCray, Joseph Sr",R,CA06,H2CA06291
N00036134,"McCulloch, Craig",R,LA06,H4LA06146
N00034908,"McDermott, Jim",L,AK01,H2AK00143
N00009829,"McDermott, Jim",D,WA07,H8WA07132
N00036858,"McDermott, John V",3,MI09,H4MI09091
N00036407,"McDonald, Joyce",R,WA10,H4WA10010
N00035489,"McFadden, Mike",R,MNS1,S4MN00346
N00033922,"McGehearty, Patrick",D,TX24,H2TX24114
N00000179,"McGovern, James P",D,MA02,H4MA03022
N00026627,"McHenry, Patrick",R,NC10,H4NC10047
N00002356,"McIntyre, Mike",D,NC07,H8NC07044
N00033834,"McKellar, Shirley",D,TX01,H2TX01062
N00035397,"McKenna, Michael",D,FL10,H4FL09091
N00035681,"McKenzie, Bobby",D,MI11,H4MI11105
N00006882,"McKeon, Buck",R,CA25,H2CA25036
N00031681,"McKinley, David",R,WV01,H0WV01072
N00036375,"McLaughlin, Curtis E",L,SC04,H4SC04085
N00033509,"McLeod, Gloria",D,CA35,H2CA35118
N00026314,"McMorris Rodgers, Cathy",R,WA05,H4WA05077
N00035779,"McMorris, Brannon",L,LAS1,S4LA00123
N00026926,"McNerney, Jerry",D,CA09,H4CA11081
N00036096,"McPherson, Jackie",D,AR01,H4AR01051
N00033982,"McSally, Martha",R,AZ02,H2AZ08102
N00036515,"Meade, Stephen",I,CA51,H4CA51079
N00033631,"Meadows, Mark R",R,NC11,H2NC11080
N00031134,"Meehan, Patrick",R,PA07,H0PA07082
N00001171,"Meeks, Gregory W",D,NY05,H8NY06048
N00027326,"Mendoza, M V",D,LA01,H6LA02173
N00000699,"Menendez, Robert",D,NJS1,S6NJ00289
N00034547,"Meng, Grace",D,NY06,H2NY06116
N00035352,"Mensing, Dale Kenneth",R,CA02,H4CA02098
N00030506,"Meo, Michael",3,OR03,H8OR03052
N00033037,"Mercer, Gabriela Saucedo",R,AZ03,H2AZ07146
N00029303,"Merkley, Jeff",D,ORS1,S8OR00207
N00036795,"Mero, Travis",L,CO03,H4CO03274
N00012546,"Messer, Luke",R,IN06,H0IN02125
N00036713,"Metcalfe, Margaret",R,GU00,H4GU00021
N00036837,"Meyer, Randall",I,VT01,H4VT00124
N00036696,"Meyer, Robert H",I,HI01,H4HI01209
N00035513,"Meyers, Vic",D,CO04,H4CO04074
N00002793,"Mica, John L",R,FL07,H2FL08055
N00024770,"Michaud, Mike",D,ME02,H2ME02097
N00025775,"Mikkelson, Harley",3,MI10,H2MI05101
N00001945,"Mikulski, Barbara A",D,MDS2,S6MD00140
N00036522,"Milakovich, Marko",I,FL09,H4FL09133
N00009795,"Miller, Candice S",R,MI10,H6MI12181
N00031493,"Miller, Darrel",D,IL18,H4IL18117
N00036856,"Miller, Eric",L,IN06,H4IN06110
N00006954,"Miller, Gary",R,CA31,H8CA41063
N00007390,"Miller, George",D,CA11,H6CA07043
N00013846,"Miller, Jeff",R,FL01,H2FL01100
N00029495,"Miller-Meeks, Mariannette",R,IA02,H8IA02043
N00035443,"Mills, Stewart",R,MN08,H4MN08083
N00035464,"Minor, Louie",D,TX31,H4TX31040
N00035758,"Minter, Michael",D,TX13,H4TX13063
N00035604,"Misiuk, Isaac",R,ME01,H4ME01137
N00036475,"Mitchell, Cassandra J",I,TN03,H4TN03181
N00036041,"Mitchell, Nels",D,IDS1,S4ID00075
N00033368,"Mitchum, Christopher",R,CA24,H2CA23114
N00034719,"Monchil, Russ",L,MO06,H2MO06228
N00036610,"Montchalin, Mike",L,ORS1,S4OR00222
N00034502,"Montigel, Bob",D,GA06,H2GA06107
N00036770,"Montilla, Nestor",I,NJ09,H4NJ09129
N00005988,"Montoya, Marco",D,TX25,H8TX20127
N00036275,"Moolenaar, John",R,MI04,H4MI04126
N00033814,"Mooney, Alex",R,WV02,H4WV02080
N00036232,"Moore, Art",R,CA04,H4CA04102
N00026914,"Moore, Gwen",D,WI04,H4WI04183
N00035184,"Moore, Matt",D,MS04,H2MS04225
N00028833,"Moran, David",L,WV01,H6WV01061
N00005282,"Moran, Jerry",R,KSS2,S0KS00091
N00002083,"Moran, Jim",D,VA08,H0VA08040
N00036520,"Moser-Bartlett, Paula",I,FL04,H4FL04043
N00036649,"Mosher, Norm",D,VA01,H4VA01070
N00035431,"Moulton, Seth",D,MA06,H4MA06090
N00035416,"Mowrer, Jim",D,IA04,H4IA04113
N00035634,"Moylan, David",R,PA17,H4PA17125
N00033410,"Mullin, Markwayne",R,OK02,H2OK02083
N00036374,"Mullis, Barbara Jo",D,SC03,H4SC03129
N00031412,"Mulvaney, Mick",R,SC05,H0SC05031
N00026050,"Murkowski, Lisa",R,AKS2,S4AK00099
N00027566,"Murphy, Christopher S",D,CTS1,S2CT00132
N00035289,"Murphy, Pat",D,IA01,H4IA01069
N00033091,"Murphy, Patrick E",D,FL18,H2FL22072
N00036078,"Murphy, Richard",I,ME01,H4ME00014
N00005531,"Murphy, Robert T",L,OK05,H6OK04098
N00024992,"Murphy, Tim",R,PA18,H2PA18143
N00007876,"Murray, Patty",D,WAS2,S2WA00189
N00034492,"Murray, Robert",R,CA19,H2CA19112
N00000939,"Nadler, Jerrold",D,NY10,H2NY17071
N00006789,"Napolitano, Grace",D,CA32,H8CA34068
N00033667,"Narvaiz, Susan",R,TX35,H2TX35029
N00036647,"Nazario, Noel Jaime",I,OH09,H4OH09110
N00000153,"Neal, Richard E",D,MA01,H8MA02041
N00036781,"Neely, Charles",I,AR02,H4AR02182
N00009926,"Nelson, Bill",D,FLS1,S8FL00166
N00027570,"Neree, Dufirstson",R,FL24,H6FL17032
N00035336,"Nestande, Brian",R,CA36,H4CA36120
N00031469,"Netherwood, Ray",L,FL19,H0FL02136
N00026043,"Neugebauer, Randy",R,TX19,H4TX19102
N00036758,"Neuman, Scott",3,NJ04,H4NJ04138
N00035849,"Neuman, Wes",D,FL07,H4FL07087
N00036403,"Newhouse, Daniel Milton",R,WA04,H4WA04104
N00036526,"Newman, Joe",I,FL16,H4FL16153
N00036512,"Nick, Adam",R,CA46,H4CA46129
N00032022,"Noem, Kristi",R,SD01,H0SD00054
N00021207,"Nolan, Rick",D,MN08,H2MN08111
N00036154,"Norcross, Don",D,NJ01,H4NJ01084
N00001692,"Norton, Eleanor Holmes",D,DC00,H0DC00058
N00032441,"Nugent, Richard",R,FL11,H0FL05139
N00007248,"Nunes, Devin",R,CA22,H8CA20059
N00035480,"Nunn, Michelle",D,GAS1,S4GA11277
N00031006,"Nunnelee, Alan",R,MS01,H0MS01043
N00036572,"O'Donnell, Jim",D,NY27,H4NY27118
N00003338,"O'Hara, Shawn",3,MSS1,S4MS00062
N00033540,"O'Rourke, Beto",D,TX16,H2TX16185
N00009638,"Obama, Barack",D,PRES,P80003338
N00034629,"Obermueller, Mike",D,MN02,H2MN02122
N00024894,"Oberweis, James D",R,ILS1,S2IL00119
N00036771,"Olabisi, Bayo",I,NJ02,H4NJ02165
N00031808,"Oliver, Bill",L,TX17,H0TX31022
N00035096,"Olivera, Pablo",I,NJ08,H2NJ08224
N00025870,"Olsen, Norm",L,CO06,H2CO02122
N00035584,"Olsen, Randall",D,IL16,H4IL00032
N00029285,"Olson, Pete",R,TX22,H8TX22107
N00029613,"Orman, Greg",I,KSS1,S8KS00227
N00034310,"Orswell, Jack",R,CA27,H2CA27198
N00007581,"Ose, Doug",R,CA07,H8CA03105
N00036455,"Ostrowski, Andrew J",D,PA11,H4PA11052
N00035612,"Overby, Paula",3,MN02,H4MN02136
N00031011,"Owens, Bill",D,NY21,H0NY23081
N00036011,"Owens, Doug",D,UT04,H4UT04011
N00036063,"Paddock, Rebecca",L,TXS1,S4TX00573
N00035766,"Pakootas, Joe",D,WA05,H4WA05127
N00031958,"Palazzo, Steven",R,MS04,H0MS04120
N00000781,"Pallone, Frank Jr",D,NJ06,H8NJ03073
N00035691,"Palmer, Gary",R,AL06,H4AL06098
N00035846,"Panifi, Sara Jane",L,DC00,H4DC00068
N00036062,"Parachuri, Tanuja",L,TXS1,S4TX00565
N00032976,"Parker, Gail",3,VA01,H0VA01185
N00034564,"Partain, Johnny",L,TX15,H2TX15088
N00000751,"Pascrell, Bill Jr",D,NJ09,H6NJ08118
N00006397,"Pastor, Ed",D,AZ07,H2AZ02055
N00036822,"Pastorius, David Allen",I,OH13,H4OH13104
N00035104,"Paterson, Clark",L,TX01,H2TX01070
N00035640,"Patrick, Suzanne",D,VA02,H4VA02052
N00036772,"Patterson, David",L,KYS1,S4KY00182
N00036328,"Paul, Dierdre",R,NJ09,H4NJ09111
N00030836,"Paul, Rand",R,KYS2,S0KY00156
N00029391,"Paulsen, Erik",R,MN03,H8MN03077
N00034639,"Payne, Donald M Jr",D,NJ10,H2NJ10154
N00012672,"Pearce, Steve",R,NM02,H2NM02126
N00036714,"Pearson, Michael",I,MD07,H4MD07066
N00035567,"Peiser, Dave",D,CA49,H4CA49099
N00021580,"Pekarek, Thomas",R,OH13,H8OH11133
N00007360,"Pelosi, Nancy",D,CA12,H8CA05035
N00035516,"Perdue, David",R,GAS1,S4GA11285
N00036003,"Perez, Frank",D,TX32,H4TX32030
N00035984,"Perez, Jaime O",L,TX16,H4TX16082
N00027510,"Perlmutter, Edwin G",D,CO07,H6CO07023
N00036567,"Perri, Elizabeth",3,NY14,H4NY14090
N00034120,"Perry, Scott",R,PA04,H2PA04135
N00035903,"Perske, Joe",D,MN06,H4MN06129
N00036800,"Petermann, Jeff",L,IN02,H4IN02168
N00029277,"Peters, Gary",D,MIS1,S4MI00355
N00033591,"Peters, Scott",D,CA52,H2CA52089
N00004558,"Peterson, Collin",D,MN07,H2MN07014
N00026126,"Peterson, Richard",L,TX19,H4TX19235
N00004426,"Petri, Tom",R,WI06,H0WI06061
N00035975,"Petty, Ken",L,TX08,H4TX08105
N00036747,"Pfleegor, Scott",I,ARS1,S4AR00137
N00036168,"Phillip, Dan",I,OH07,H4OH07049
N00036437,"Phillips, Bartholomew J",I,TNS2,S4TN00450
N00029168,"Pierluisi, Pedro",D,PR00,H8PR00062
N00036024,"Piliere, Frank",I,VA10,H4VA10105
N00030005,"Ping, Catherine",R,IN07,H8IN07259
N00013817,"Pingree, Chellie",D,ME01,H8ME01120
N00034416,"Pittenger, Robert",R,NC09,H2NC09134
N00001633,"Pitts, Joe",R,PA16,H6PA16197
N00035979,"Pivoda, Emily",L,TX13,H4TX13071
N00035000,"Plaskett, Stacey",D,VI00,H2VI00082
N00035378,"Platt, Carol",R,FL09,H4FL09083
N00034992,"Pleasant, Martin",3,TNS2,S2TN00355
N00033549,"Pocan, Mark",D,WI02,H2WI02124
N00026457,"Poe, Ted",R,TX02,H4TX02108
N00035746,"Poetter, Tom",D,OH08,H4OH08070
N00034584,"Poliquin, Bruce",R,ME02,H4ME02234
N00029127,"Polis, Jared",D,CO02,H8CO02137
N00030744,"Pompeo, Mike",R,KS04,H0KS04051
N00036853,"Porambo, Joe",L,WYS2,S4WY00154
N00003682,"Portman, Rob",R,OHS2,S0OH00133
N00029662,"Posey, Bill",R,FL08,H8FL15107
N00035323,"Powers, Amos Scott",D,TN06,H4TN06168
N00004565,"Pressler, Larry",I,SDS2,S8SD00024
N00002260,"Price, David",D,NC04,H6NC04037
N00026160,"Price, Tom",R,GA06,H4GA06087
N00004092,"Proctor, Ken",L,MI07,H2MI07073
N00013823,"Pryor, Mark",D,ARS1,S0AR00028
N00036754,"Puccetti, Gregory",I,KY03,H4KY03244
N00031544,"Purl, Doug",L,TX34,H0TX15066
N00035812,"Quang, Tue Phan",R,CA11,H4CA11107
N00036597,"Quast, Bob",I,IAS2,S4IA00178
N00032951,"Quick, Mark D",I,NJ05,H0NJ05158
N00030581,"Quigley, Mike",D,IL05,H0IL05096
N00036410,"Rabel, Edward Lawrence Jr",I,WV02,H4WV02163
N00002198,"Rahall, Nick",D,WV03,H6WV04057
N00035757,"Raley, J P",L,TX04,H4TX04146
N00036568,"Ramirez, Eduardo",3,NY15,H4NY15121
N00036790,"Ramirez, Sampson U",I,AZ02,H4AZ02150
N00000964,"Rangel, Charles B",D,NY13,H6NY19029
N00035156,"Rankin, Ed",L,TX32,H2TX30103
N00004633,"Rankin, Sam",I,MTS2,S6MT00113
N00036782,"Ransdell, Robert Edward",I,KYS1,S4KY00208
N00035972,"Ratcliffe, John Lee",R,TX04,H4TX04153
N00036365,"Rath, Megan Ann",R,PA01,H4PA01103
N00032524,"Rawles, Mark J",3,TN08,H0TN08329
N00036579,"Ray, Buddy",I,OK05,H4OK05181
N00036523,"Ray, Leon Loe",I,FL09,H4FL09141
N00036553,"Ray, Troy",I,MS02,H4MS02183
N00036862,"Raymond, Robert",I,WI04,H4WI04266
N00029405,"Recchia, Domenic",D,NY11,H8NY13069
N00030145,"Redpath, William",L,VA10,H0VA10145
N00000362,"Reed, Jack",D,RIS2,S6RI00163
N00030776,"Reed, Mark",R,CA30,H0CA27101
N00030949,"Reed, Tom",R,NY23,H0NY29054
N00035999,"Reed, Wesley",D,TX27,H4TX27055
N00035860,"Reese, Brian",D,GA01,H4GA01120
N00036005,"Reeves, Jason",L,TX33,H4TX33020
N00036150,"Reich, Ed",I,MS04,H4MS04106
N00026885,"Reichert, Dave",R,WA08,H4WA08071
N00009922,"Reid, Harry",D,NVS2,S6NV00028
N00035752,"Reis, Rhue",R,RI02,H4RI02107
N00025216,"Reiter, George",3,TX09,H2TX25194
N00031127,"Renacci, Jim",R,OH16,H0OH16097
N00035560,"Renteria, Amanda",D,CA21,H4CA21072
N00013164,"Reyes, Art",I,HIS1,S0HI00118
N00036865,"Rhodes, John",3,NCS1,S4NC00287
N00030968,"Ribble, Reid",R,WI08,H0WI08075
N00035927,"Rice, Kathleen",D,NY04,H4NY04075
N00033832,"Rice, Tom",R,SC07,H2SC07066
N00036151,"Rich, Arthur",R,NC01,H4NC01095
N00030184,"Richmond, Cedric",D,LA02,H8LA02054
N00026683,"Ridley, H J Jr",3,TX36,H4TX08055
N00031653,"Ries, Bob",R,TN05,H0TN05150
N00030962,"Rigell, Scott",R,VA02,H0VA02084
N00036793,"Rike, Chris",L,AZ04,H4AZ04099
N00035845,"Rimensnyder, Nelson",R,DC00,H4DC00092
N00036346,"Rines, Caprice",3,NY04,H4NY04117
N00035583,"Ringo, Shirley",D,ID01,H4ID01081
N00029441,"Risch, James E",R,IDS1,S8ID00092
N00035549,"Ritch, John Thomas",L,NC11,H2NC11130
N00035642,"Ritchie, Jason",D,WA08,H4WA08121
N00036565,"Rivera, Daniel Vila",3,NY13,H4NY13076
N00030199,"Robbins, Frankie",D,OK03,H8OK03047
N00005285,"Roberts, Pat",R,KSS1,S6KS00080
N00035337,"Robertson, Martha",D,NY23,H4NY23067
N00032006,"Robinson, Art",R,OR04,H0OR04081
N00035753,"Robinson, Corinna",D,SD01,H4SD00049
N00036298,"Robinson, Joey",L,MS04,H4MS04148
N00035639,"Robles, Luz",D,UT02,H4UT02197
N00030768,"Roby, Martha",R,AL02,H0AL02087
N00001685,"Rockefeller, Jay",D,WVS2,S4WV00027
N00036591,"Rockwood, Chris",D,WI05,H4WI05099
N00035719,"Rodgers, Mike",3,FL16,H4FL16120
N00028463,"Roe, Phil",R,TN01,H6TN01388
N00003473,"Rogers, Hal",R,KY05,H0KY05015
N00009668,"Rogers, Mike",R,MI08,H0MI08042
N00024759,"Rogers, Mike D",R,AL03,H2AL03032
N00036830,"Rogers, Warren",I,UT02,H4UT02247
N00033985,"Rogers, Wendy",R,AZ09,H2AZ09035
N00007151,"Rohrabacher, Dana",R,CA48,H8CA42061
N00031741,"Rokita, Todd",R,IN04,H0IN04170
N00029814,"Roland, Jon",L,TXS1,S8TX00244
N00028747,"Romaguera, Allan",3,NY07,H6NY12115
N00031163,"Romanoff, Andrew",D,CO06,H4CO06087
N00029018,"Rooney, Tom",R,FL17,H8FL16022
N00036421,"Roots, Roger",L,MTS2,S4MT00142
N00002858,"Ros-Lehtinen, Ileana",R,FL27,H0FL18025
N00004719,"Roskam, Peter",R,IL06,H6IL06117
N00030645,"Ross, Dennis",R,FL15,H0FL12101
N00035855,"Rossano, Timothy",I,FL19,H4FL19082
N00035344,"Rothblatt, Gabriel",D,FL08,H4FL08085
N00031253,"Rothfus, Keith J",R,PA12,H0PA04220
N00035187,"Rounds, Mike",R,SDS2,S4SD00049
N00033527,"Rouzer, David",R,NC07,H2NC07096
N00029419,"Rowley, Ryan",L,TX34,H8TX22149
N00006671,"Roybal-Allard, Lucille",D,CA40,H2CA33048
N00008264,"Royce, Ed",R,CA39,H6CA39020
N00013336,"Rozzo, Tino",3,NJ02,H0NJ02098
N00030612,"Rubio, Marco",R,FLS2,S0FL00338
N00033510,"Ruiz, Raul",D,CA36,H2CA36439
N00036581,"Rumzie, Robert",L,OR02,H4OR02210
N00031988,"Runyan, Jon",R,NJ03,H0NJ03153
N00025482,"Ruppersberger, Dutch",D,MD02,H2MD02160
N00004887,"Rush, Bobby L",D,IL01,H2IL01042
N00033229,"Russell, Jeffrey",3,CT01,H4CT01060
N00036748,"Russell, Richard",I,LA03,H4LA03119
N00036175,"Russell, Steven",R,OK05,H4OK05132
N00004357,"Ryan, Paul",R,WI01,H8WI01024
N00025280,"Ryan, Tim",D,OH13,H2OH17109
N00030418,"Sablan, Gregorio",I,MP00,H8MP00041
N00036817,"Salas, Andrew",D,MP00,H4MP00016
N00036438,"Salekin, Choudury",I,TNS2,S4TN00468
N00006446,"Salmon, Matt",R,AZ05,H4AZ01038
N00035068,"Salvette, Emily",L,MI01,H2MI01126
N00034802,"Salyer, Michael",L,TN01,H2TN01098
N00035699,"Samuelson, James Alan",I,AZ05,H4AZ05070
N00032211,"Sanchez, David",D,CA40,H0CA34099
N00036061,"Sanchez, Emily",3,TXS1,S4TX00557
N00036792,"Sanchez, Federico",I,AZ03,H4AZ03075
N00024870,"Sanchez, Linda",D,CA38,H2CA39078
N00008274,"Sanchez, Loretta",D,CA46,H6CA46033
N00000528,"Sanders, Bernie",I,VTS1,S4VT00033
N00036641,"Sandman, Ray Skip",3,MN08,H4MN08091
N00036720,"Sanford, Jeffry",L,LA01,H4LA01139
N00002424,"Sanford, Mark",R,SC01,H4SC01073
N00036362,"Sannes, Marvin",I,ORS1,S4OR00230
N00027751,"Sarbanes, John",D,MD03,H6MD03292
N00036442,"Sarvis, Robert Christopher",L,VAS2,S4VA00189
N00035544,"Sasse, Ben",R,NES2,S4NE00090
N00036753,"Saucier, Charles",L,LA05,H4LA05262
N00036112,"Savary, Suzanne Joyce",D,CA48,H4CA48042
N00009660,"Scalise, Steve",R,LA01,H0LA01087
N00036564,"Schaeffer, Kenneth D",3,NY13,H4NY13068
N00004724,"Schakowsky, Jan",D,IL09,H8IL09067
N00036529,"Schamis, Raymond Todd",I,FL22,H4FL22102
N00028138,"Schatz, Brian",D,HIS1,S4HI00136
N00036439,"Schechter, Eric",I,TNS2,S4TN00476
N00036541,"Schertzing, Eric",D,MI08,H4MI05149
N00009585,"Schiff, Adam",D,CA28,H0CA27085
N00030668,"Schilling, Bobby",R,IL17,H0IL17059
N00035602,"Schlakman, Ian",3,MD02,H4MD02166
N00035317,"Schnackenberg, Matt",L,FL11,H4FL11063
N00033101,"Schneider, Brad",D,IL10,H2IL10068
N00029273,"Schock, Aaron",R,IL18,H8IL18043
N00036025,"Scholte, Suzanne",R,VA11,H4VA11087
N00030071,"Schrader, Kurt",D,OR05,H8OR05107
N00036774,"Schroeder, Hank",I,NJS2,S4NJ00326
N00036268,"Schuckman, Perry",D,KS04,H4KS04111
N00026106,"Schultz, Debbie Wasserman",D,FL23,H4FL20023
N00001093,"Schumer, Charles E",D,NYS2,S8NY00082
N00001579,"Schwartz, Allyson",D,PA13,H4PA13124
N00028618,"Schwartz, Leonard",L,MI14,H8MI05108
N00006460,"Schweikert, David",R,AZ06,H4AZ06045
N00036326,"Scolavino, Ruben",D,NJ04,H4NJ04120
N00032457,"Scott, Austin",R,GA08,H0GA08099
N00022725,"Scott, Bob",D,TN02,H8TN02028
N00002147,"Scott, Bobby",D,VA03,H6VA01117
N00024871,"Scott, David",D,GA13,H2GA13012
N00031782,"Scott, Tim",R,SCS1,S4SC00240
N00035028,"Seaman, David",3,FL23,H4FL23068
N00036317,"Seaman, Jack",L,ND01,H4ND01028
N00030695,"Sebring, Dan",R,WI04,H0WI04090
N00034695,"Seibert, Sean",R,TX18,H2TX18140
N00036773,"Senegal, Villian",D,LAS1,S4LA00164
N00035332,"Senger, Darlene",R,IL11,H4IL11195
N00004291,"Sensenbrenner, F James Jr",R,WI05,H8WI09050
N00001813,"Serrano, Jose E",D,NY15,H0NY18065
N00003062,"Sessions, Jeff",R,ALS1,S6AL00195
N00005681,"Sessions, Pete",R,TX32,H2TX03126
N00030622,"Sewell, Terri A",D,AL07,H0AL07086
N00024790,"Shaheen, Jeanne",D,NHS2,S0NH00219
N00022814,"Shapiro, Robert",I,NJ01,H8NJ07041
N00035079,"Sharer, Chris",L,MI13,H2MI13170
N00000680,"Shaw, Herbert",I,NJ08,H4NJ08089
N00036726,"Shbeita, Adam",3,CA44,H4CA44165
N00028091,"Shea-Porter, Carol",D,NH01,H6NH01230
N00009920,"Shelby, Richard C",R,ALS2,S6AL00013
N00035041,"Shell, Mark",L,MD02,H2MD02285
N00035390,"Sheridan, Tim",D,CA42,H4CA42086
N00006897,"Sherman, Brad",D,CA30,H6CA24113
N00036133,"Sherow, Jim",D,KS01,H4KS01075
N00035965,"Sherrell, Lenda",D,TN04,H4TN04171
N00035991,"Shields, Ryan",L,TX21,H4TX21090
N00004961,"Shimkus, John M",R,IL15,H2IL20042
N00036554,"Shoemake, Shelley",3,MS02,H4MS02191
N00036040,"Shogan, Stephen H",I,COS2,S4CO00387
N00013770,"Shuster, Bill",R,PA09,H2PA09035
N00035499,"Silverstein, Matt",D,OKS2,S4OK00216
N00036396,"Simonsen, Collin Robert",3,UT04,H4UT04045
N00036000,"Simonson, Roxanne",L,TX27,H4TX27063
N00006263,"Simpson, Mike",R,ID02,H8ID02064
N00033983,"Sinema, Kyrsten",D,AZ09,H2AZ09019
N00036316,"Sinner, George",D,ND01,H4ND00046
N00027523,"Sires, Albio",D,NJ08,H6NJ13191
N00036821,"Skalsky, George A",I,OH09,H4OH09128
N00036685,"Skarin, Bruce",I,MAS2,S4MA00259
N00001311,"Slaughter, Louise M",D,NY25,H6NY03031
N00007833,"Smith, Adam",D,WA09,H6WA09025
N00027623,"Smith, Adrian",R,NE03,H6NE03115
N00026863,"Smith, Bert",D,OK04,H4OK05066
N00028522,"Smith, Bob",3,TN01,H6TN01495
N00009816,"Smith, Chris",R,NJ04,H8NJ04014
N00035396,"Smith, Glo",R,FL05,H4FL05065
N00035282,"Smith, Jason",R,MO08,H4MO08162
N00036212,"Smith, Jesse T",D,AL03,H4AL03061
N00001811,"Smith, Lamar",R,TX21,H6TX21012
N00035801,"Smith, Larry",R,TX34,H4TX34010
N00036846,"Smith, Ruth",I,IAS2,S4IA00210
N00036717,"Smith, Scott",I,NY18,H4NY18109
N00035953,"Smith, Tootie",R,OR05,H4OR05239
N00035034,"Soffen, Scott",L,MD07,H2MD04299
N00035160,"Solodow, Matthew",L,TX12,H0TX12212
N00031204,"Southerland, Steve",R,FL02,H0FL02110
N00036825,"Souza, Daniel K",L,OR05,H4OR05262
N00036530,"Spain, Paul",R,FL22,H4FL22110
N00035883,"Spangler, Tom",D,IN08,H4IN08207
N00036752,"Spano, Alexander",3,NJ02,H4NJ02173
N00036339,"Spees, Kristen",D,NV02,H4NV02151
N00029649,"Speier, Jackie",D,CA14,H8CA12171
N00036535,"Sperber, Joseph Jean",I,MD02,H4MD02208
N00036343,"St John, Steve",I,NV03,H4NV03134
N00004118,"Stabenow, Debbie",D,MIS2,S8MI00281
N00034892,"Stadler, Chuck",D,MI10,H2MI10101
N00033433,"Stainfield, Tami",I,WVS2,S4WV00258
N00006259,"Stallings, Richard",D,ID02,H2ID02018
N00035151,"Stanczak, James",L,TX29,H2TX29105
N00036226,"Standiford, Debbie",L,AR02,H4AR02174
N00035523,"Stefanik, Elise",R,NY21,H4NY21079
N00030479,"Stein, Gary",I,NJ02,H8NJ02133
N00036646,"Steinhardt, Allen Frank",I,NY05,H4NY05106
N00036804,"Stephens, Barry D",I,ME01,H4ME01145
N00028039,"Stepp, Ken",D,KY05,H6KY05111
N00036562,"Stevenson, Will",3,NY02,H4NY02061
N00033932,"Stewart, Chris",R,UT02,H2UT02324
N00036844,"Stewart, Rick",I,IAS2,S4IA00194
N00029574,"Stivers, Steve",R,OH15,H8OH15076
N00035614,"Stocker, Barbara Hamill",D,MO08,H4MO08212
N00005918,"Stockman, Steve",R,TXS1,S4TX00524
N00036639,"Stockwell, Chris",I,MA04,H4MA06124
N00036242,"Stokes, Steve",I,CA28,H4CA28077
N00001728,"Stracuzzi, Natale",3,DC00,H8DC00143
N00036812,"Strawcutter, Rick",3,MI07,H4MI07202
N00026322,"Strickland, Tony",R,CA25,H2CA26109
N00036561,"Strom, Jason",3,NY01,H4NY01105
N00036390,"Strong, Zack",3,UT03,H4UT03195
N00035339,"Strouse, Kevin",D,PA08,H4PA08108
N00030891,"Stutzman, Marlin",R,IN03,H0IN03198
N00036789,"Suitonu-Chapman, Meleagi",D,AS00,H4AS00093
N00035774,"Sullivan, Dan",R,AKS1,S4AK00214
N00034529,"Sullivan, Mark",D,NE03,H2NE03023
N00033396,"Sund, Sharon",D,MN03,H2MN03062
N00036236,"Sundeen, Dakin",R,CA13,H4CA13087
N00036678,"Swafford, Amanda",L,GAS1,S4GA11327
N00033508,"Swalwell, Eric",D,CA15,H2CA15094
N00036417,"Swaney, Mark H",3,ARS1,S4AR00111
N00036276,"Swartout, David",I,MI07,H4MI07186
N00029432,"Swift, Kat",3,TX35,H4TX35017
N00030465,"Swing, Gary",3,CO06,H8CO01089
N00033798,"Tacherra, Johnny",R,CA16,H2CA16100
N00036441,"Tahiro, Mohammed Abbajebel",3,TXS1,S4TX00581
N00035535,"Takai, Mark",D,HI01,H4HI01134
N00006701,"Takano, Mark",D,CA41,H2CA43245
N00036249,"Tapia, Abel",D,CO03,H4CO00023
N00036534,"Tarpley, Ed",R,LA05,H4LA05213
N00028727,"Tatar, John",L,MI11,H8MI11247
N00035957,"Taylor, Kerith Strano",D,PA05,H4PA05062
N00036334,"Teijeiro, Annette",R,NV01,H4NV01153
N00035674,"Tennant, Natalie",D,WVS2,S4WV00183
N00005321,"Terry, Lee",R,NE02,H8NE02139
N00027605,"Tester, Jon",D,MTS1,S6MT00162
N00030211,"Theron, Peter",R,WI02,H8WI02121
N00035889,"Thomas, Charles (Trey)",R,LA06,H4LA06120
N00036718,"Thomas, Dave",3,MN04,H4MN04124
N00003288,"Thompson, Bennie G",D,MS02,H4MS02068
N00029736,"Thompson, Glenn",R,PA05,H8PA05071
N00036855,"Thompson, Lee",3,AZ03,H4AZ03083
N00036364,"Thompson, Linda",D,PA04,H4PA00048
N00007419,"Thompson, Mike",D,CA05,H8CA01109
N00006052,"Thornberry, Mac",R,TX13,H4TX13014
N00036745,"Thorne, Robert",I,NJ08,H4NJ08097
N00035587,"Thorsland, Eric",D,IL15,H4IL15071
N00004572,"Thune, John",R,SDS1,S2SD00068
N00035747,"Tibbs, David",D,OH12,H4OH12072
N00009699,"Tiberi, Patrick J",R,OH12,H0OH12062
N00000226,"Tierney, John F",D,MA06,H4MA06033
N00035340,"Tilghman, Bill",D,MD01,H4MD01101
N00035492,"Tillis, Thom",R,NCS1,S4NC00162
N00034027,"Tillman, Jimmy Lee",R,IL01,H2IL01182
N00027509,"Tipton, Scott",R,CO03,H6CO03139
N00036470,"Tiscornia, Jude Anthony",R,NJ08,H4NJ08071
N00033812,"Tisei, Richard",R,MA06,H2MA00014
N00030191,"Titus, Dina",D,NV01,H8NV03036
N00032169,"Tobin, Andy",R,AZ01,H0AZ01325
N00036721,"Tomaszewski, Scot John",I,NJ01,H4NJ01142
N00030196,"Tonko, Paul",D,NY20,H8NY21203
N00001489,"Toomey, Pat",R,PAS1,S4PA00121
N00036107,"Torres, Norma",D,CA35,H4CA35031
N00035760,"Tottenham, Philip",I,TX21,H4TX21058
N00036652,"Trammell, Jack",D,VA07,H4VA07150
N00031133,"Trivedi, Manan",D,PA06,H0PA06084
N00036369,"Troiano, Nicholas Robert",I,PA10,H4PA10062
N00035607,"Trott, Dave",R,MI11,H4MI11097
N00034930,"Trout, W Michael (Mike)",I,FL21,H2FL21066
N00028830,"Trudell, Jerry",I,VT01,H6VT00228
N00036392,"Tryon, Stephen P",I,UT03,H4UT03211
N00029026,"Tsongas, Niki",D,MA03,H8MA05143
N00007638,"Tuika, Tuika",I,AS00,H2AS00030
N00036788,"Tulafono, Togiola",D,AS00,H4AS00085
N00028444,"Turk, Jacob",R,MO05,H6MO05189
N00025175,"Turner, Michael R",R,OH10,H2OH03067
N00036463,"Tyler, Rick",I,TNS2,S4TN00484
N00035937,"Tyszkiewicz, Marek",D,OH02,H4OH02156
N00008051,"Udall, Mark",D,COS2,S8CO00172
N00006561,"Udall, Tom",D,NMS2,S8NM00184
N00036787,"Ude, Mark",I,AS00,H4AS00077
N00036377,"Umbaugh, Kevin Robert",L,SC06,H4SC06098
N00004133,"Upton, Fred",R,MI06,H6MI04113
N00033367,"Valadao, David",R,CA21,H2CA20094
N00013820,"Van Hollen, Chris",D,MD08,H2MD08126
N00036827,"Vance, Donald L",I,TX19,H4TX19292
N00036381,"Vance, Dwayne A",3,UT01,H4UT01124
N00035900,"Vanderstelt, Dean",D,MI02,H4MI02104
N00032311,"Vandeven, Rick",L,MO08,H0MO08277
N00007021,"Vargas, Juan",D,CA51,H2CA50026
N00036144,"Vaughn, Carrogan",R,MD07,H4MD07074
N00036010,"Veach, Rodney",L,TX36,H4TX36080
N00035969,"Veasaw, James B",L,TX02,H4TX02173
N00033839,"Veasey, Marc",D,TX33,H2TX33073
N00034451,"Vein, Jim",L,UT04,H2UT04056
N00034349,"Vela, Filemon",D,TX34,H2TX27190
N00001102,"Velazquez, Nydia M",D,NY07,H2NY00010
N00035720,"Venuti, Joe",U,FL16,H4FL16138
N00003813,"Visclosky, Pete",D,IN01,H4IN01012
N00009659,"Vitter, David",R,LAS2,S4LA00057
N00036779,"Vivoni, Miguel Hernandez",3,PR00,H4PR00095
N00035799,"Vogel, David Donald",D,GA09,H4GA09057
N00034515,"Vohra, Arvin",L,MD04,H2MD05510
N00036851,"Waddell, David",3,NCS1,S4NC00295
N00031883,"Wade, Kevin",R,DES2,S2DE00064
N00035207,"Wager, Michael",D,OH14,H4OH14102
N00033106,"Wagner, Ann L",R,MO02,H2MO02102
N00036849,"Wahmoff, Chris",3,MIS1,S4MI00413
N00035424,"Wakefield, Margie",D,KS02,H4KS02115
N00026368,"Walberg, Tim",R,MI07,H4MI07103
N00007690,"Walden, Greg",R,OR02,H6OR02116
N00036548,"Walhgren, Sharna",R,MN04,H4MN04116
N00035311,"Walker, Bradley",R,NC06,H4NC06052
N00036691,"Walker, Clayton G",I,SDS2,S4SD00114
N00036675,"Walker, Thom M",L,AKS1,S4AK00255
N00024108,"Walkowicz, Gary",I,MI12,H8MI07039
N00033288,"Wallace, Dave",R,MD08,H2MD06138
N00030975,"Wallace, Eric M",R,IL02,H4IL02301
N00036551,"Walley, Lajena",3,MS01,H4MS01128
N00031226,"Walorski, Jackie",R,IN02,H0IN02190
N00035686,"Walsh, John",D,MTS2,S4MT00118
N00035568,"Walsh, Martin H",R,CO01,H4CO01112
N00036531,"Walters, Alejandro M",I,FL24,H4FL24033
N00035391,"Walters, Mimi",R,CA45,H4CA45097
N00027467,"Walz, Timothy J",D,MN01,H6MN01174
N00035514,"Ward, Rick",R,LA06,H4LA06096
N00002097,"Warner, Mark",D,VAS2,S6VA00093
N00033492,"Warren, Elizabeth",D,MAS1,S2MA00170
N00026620,"Washer, Barbara Dale",3,MS03,H4MS01102
N00006690,"Waters, Maxine",D,CA43,H4CA23011
N00036202,"Watson, Todd",I,NES2,S4NE00157
N00001861,"Waxman, Henry",D,CA33,H6CA24048
N00036764,"Waymire, William Jr",D,LAS1,S4LA00172
N00033539,"Weber, Randy",R,TX14,H2TX14149
N00026335,"Webster, Daniel",R,FL10,H0FL08208
N00036813,"Weeks, James II",L,MI08,H4MI08168
N00036054,"Weh, Allen",R,NMS2,S4NM00100
N00035784,"Wehby, Monica",R,ORS1,S4OR00198
N00004578,"Weiland, Rick",D,SDS2,S4SD00056
N00034252,"Weisser, Mikel",D,AZ04,H2AZ04143
N00036293,"Welborn, Roy",L,MO05,H4MO05341
N00000515,"Welch, Peter",D,VT01,H6VT00160
N00036807,"Welch, Ronald II",L,MI02,H4MI02112
N00030480,"Welzer, Steven",3,NJ12,H8NJ04154
N00033310,"Wenstrup, Brad",R,OH02,H2OH02085
N00036352,"Weppner, Kathleen",R,NY26,H4NY26052
N00035527,"Westerman, Bruce",R,AR04,H4AR04048
N00036030,"Westlund, Kelly",D,WI07,H4WI07095
N00026163,"Westmoreland, Lynn A",R,GA03,H4GA08067
N00035904,"Westrom, Torrey",R,MN07,H4MN07077
N00035709,"Whallon, Andrew",R,CA47,H4CA47069
N00034249,"Wharton, Scott",D,OH15,H2OH15095
N00036252,"Wheeler, Marihelen",D,FL03,H4FL03110
N00035988,"Whelan, Jennifer",L,TX18,H4TX18104
N00035735,"White Wolf, Shawn",I,MT01,H4MT00076
N00027421,"White, Will Tyler",L,MI04,H4MI08093
N00027533,"Whitehouse, Sheldon",D,RIS1,S6RI00221
N00003467,"Whitfield, Ed",R,KY01,H4KY01040
N00036636,"Whitney, Lenar",R,LA06,H4LA06179
N00036113,"Wichern, Mark",I,FL01,H4FL01155
N00003280,"Wicker, Roger",R,MSS2,S8MS00196
N00029769,"Wieder, John",L,TX14,H8TX22180
N00035762,"Wiegmann, Matthew",D,TX26,H4TX26099
N00035862,"Wight, Thomas",D,GA07,H4GA07267
N00026737,"Wildman, Andrew Jaye",I,MD08,H4MD08205
N00036327,"Wilkinson, Anthony",R,NJ06,H4NJ06109
N00036225,"Willhite, Brian",L,AR01,H4AR01069
N00036829,"Williams, Eric Lemonte",I,TX30,H4TX30042
N00035680,"Williams, Peter",D,LA06,H4LA05171
N00030602,"Williams, Roger",R,TX25,H2TX33040
N00036619,"Williamson, John W",D,AZ06,H4AZ06102
N00036843,"Willoughby, Donald",I,COS2,S4CO00429
N00036440,"Wilmoth, Joe B",I,TNS2,S4TN00492
N00035834,"Wilske, Larry",R,CA53,H4CA53059
N00030650,"Wilson, Frederica",D,FL24,H0FL17068
N00024809,"Wilson, Joe",R,SC02,H2SC02059
N00036136,"Wilt, Bill",I,MA05,H4MA05167
N00036467,"Winton, Mike",I,TN06,H4TN06184
N00030000,"Wise, Scott",L,IN03,H8IN03068
N00035696,"Witt, James Lee",D,AR04,H4AR04063
N00029459,"Wittman, Rob",R,VA01,H8VA01147
N00036638,"Wofford, Ann",R,MA03,H4MA03097
N00002073,"Wolf, Frank",R,VA10,H6VA10050
N00031857,"Womack, Steve",R,AR03,H0AR03055
N00036386,"Wonnacott, Brian",D,UT03,H4UT03153
N00036510,"Wood, John Jr",R,CA43,H4CA43084
N00032416,"Woodall, Rob",R,GA07,H0GA07133
N00036213,"Woods, James Issac",D,AZ05,H4AZ05088
N00036606,"Woods, Ray",I,OKS2,S4OK00349
N00036163,"Woolf, Aaron",D,NY21,H4NY21103
N00036630,"Wright, Ed",L,IA03,H4IA03131
N00035689,"Wright, Erick",D,AL02,H4AL02071
N00036301,"Wright, Paul",R,NC04,H4NC04115
N00007724,"Wyden, Ron",D,ORS2,S6OR00110
N00028073,"Yarmuth, John A",D,KY03,H6KY03124
N00035951,"Yates, Jason",R,OR01,H4OR01113
N00031502,"Yoder, Kevin",R,KS03,H0KS03137
N00033220,"Yoho, Ted",R,FL03,H2FL06109
N00035509,"Young, David",R,IA03,H4IA03115
N00007999,"Young, Don",R,AK01,H6AK00045
N00034715,"Young, Herschel",L,MO04,H2MO04116
N00030670,"Young, Todd",R,IN09,H0IN09070
N00035569,"Ytterberg, Don",R,CO07,H4CO07036
N00029887,"Zaccaria, Mark",R,RIS2,S4RI00044
N00027934,"Zamora, Eddie",R,TX15,H6TX15113
N00029404,"Zeldin, Lee",R,NY01,H8NY01148
N00033127,"Zerban, Rob",D,WI01,H2WI01084
N00036358,"Zetzer, Mark",R,OH11,H4OH11066
N00030451,"Zimmer, George",3,MI04,H4MI04142
N00035616,"Zinke, Ryan K",R,MT01,H4MT01041